driverId,driverRef,number,code,dob,nationality,url,fullName
1,hamilton,44,HAM,1985-01-07,British,http://en.wikipedia.org/wiki/Lewis_Hamilton,Lewis Hamilton
2,heidfeld,0,HEI,1977-05-10,German,http://en.wikipedia.org/wiki/Nick_Heidfeld,Nick Heidfeld
3,rosberg,6,ROS,1985-06-27,German,http://en.wikipedia.org/wiki/Nico_Rosberg,Nico Rosberg
4,alonso,14,ALO,1981-07-29,Spanish,http://en.wikipedia.org/wiki/Fernando_Alonso,Fernando Alonso
5,kovalainen,0,KOV,1981-10-19,Finnish,http://en.wikipedia.org/wiki/Heikki_Kovalainen,Heikki Kovalainen
6,nakajima,0,NAK,1985-01-11,Japanese,http://en.wikipedia.org/wiki/Kazuki_Nakajima,Kazuki Nakajima
7,bourdais,0,BOU,1979-02-28,French,http://en.wikipedia.org/wiki/S%C3%A9bastien_Bourdais,Sébastien Bourdais
8,raikkonen,7,RAI,1979-10-17,Finnish,http://en.wikipedia.org/wiki/Kimi_R%C3%A4ikk%C3%B6nen,Kimi Räikkönen
9,kubica,88,KUB,1984-12-07,Polish,http://en.wikipedia.org/wiki/Robert_Kubica,Robert Kubica
10,glock,0,GLO,1982-03-18,German,http://en.wikipedia.org/wiki/Timo_Glock,Timo Glock
11,sato,0,SAT,1977-01-28,Japanese,http://en.wikipedia.org/wiki/Takuma_Sato,Takuma Sato
12,piquet_jr,0,PIQ,1985-07-25,Brazilian,"http://en.wikipedia.org/wiki/Nelson_Piquet,_Jr.",Nelson Piquet Jr.
13,massa,19,MAS,1981-04-25,Brazilian,http://en.wikipedia.org/wiki/Felipe_Massa,Felipe Massa
14,coulthard,0,COU,1971-03-27,British,http://en.wikipedia.org/wiki/David_Coulthard,David Coulthard
15,trulli,0,TRU,1974-07-13,Italian,http://en.wikipedia.org/wiki/Jarno_Trulli,Jarno Trulli
16,sutil,99,SUT,1983-01-11,German,http://en.wikipedia.org/wiki/Adrian_Sutil,Adrian Sutil
17,webber,0,WEB,1976-08-27,Australian,http://en.wikipedia.org/wiki/Mark_Webber_(racing_driver),Mark Webber
18,button,22,BUT,1980-01-19,British,http://en.wikipedia.org/wiki/Jenson_Button,Jenson Button
19,davidson,0,DAV,1979-04-18,British,http://en.wikipedia.org/wiki/Anthony_Davidson,Anthony Davidson
20,vettel,5,VET,1987-07-03,German,http://en.wikipedia.org/wiki/Sebastian_Vettel,Sebastian Vettel
21,fisichella,0,FIS,1973-01-14,Italian,http://en.wikipedia.org/wiki/Giancarlo_Fisichella,Giancarlo Fisichella
22,barrichello,0,BAR,1972-05-23,Brazilian,http://en.wikipedia.org/wiki/Rubens_Barrichello,Rubens Barrichello
23,ralf_schumacher,0,SCH,1975-06-30,German,http://en.wikipedia.org/wiki/Ralf_Schumacher,Ralf Schumacher
24,liuzzi,0,LIU,1980-08-06,Italian,http://en.wikipedia.org/wiki/Vitantonio_Liuzzi,Vitantonio Liuzzi
25,wurz,0,WUR,1974-02-15,Austrian,http://en.wikipedia.org/wiki/Alexander_Wurz,Alexander Wurz
26,speed,0,SPE,1983-01-24,American,http://en.wikipedia.org/wiki/Scott_Speed,Scott Speed
27,albers,0,ALB,1979-04-16,Dutch,http://en.wikipedia.org/wiki/Christijan_Albers,Christijan Albers
28,markus_winkelhock,0,WIN,1980-06-13,German,http://en.wikipedia.org/wiki/Markus_Winkelhock,Markus Winkelhock
29,yamamoto,0,YAM,1982-07-09,Japanese,http://en.wikipedia.org/wiki/Sakon_Yamamoto,Sakon Yamamoto
30,michael_schumacher,0,MSC,1969-01-03,German,http://en.wikipedia.org/wiki/Michael_Schumacher,Michael Schumacher
31,montoya,0,MON,1975-09-20,Colombian,http://en.wikipedia.org/wiki/Juan_Pablo_Montoya,Juan Pablo Montoya
32,klien,0,KLI,1983-02-07,Austrian,http://en.wikipedia.org/wiki/Christian_Klien,Christian Klien
33,monteiro,0,TMO,1976-07-24,Portuguese,http://en.wikipedia.org/wiki/Tiago_Monteiro,Tiago Monteiro
34,ide,0,IDE,1975-01-21,Japanese,http://en.wikipedia.org/wiki/Yuji_Ide,Yuji Ide
35,villeneuve,0,VIL,1971-04-09,Canadian,http://en.wikipedia.org/wiki/Jacques_Villeneuve,Jacques Villeneuve
36,montagny,0,FMO,1978-01-05,French,http://en.wikipedia.org/wiki/Franck_Montagny,Franck Montagny
37,rosa,0,DLR,1971-02-24,Spanish,http://en.wikipedia.org/wiki/Pedro_de_la_Rosa,Pedro De La Rosa
38,doornbos,0,DOO,1981-09-23,Dutch,http://en.wikipedia.org/wiki/Robert_Doornbos,Robert Doornbos
39,karthikeyan,0,KAR,1977-01-14,Indian,http://en.wikipedia.org/wiki/Narain_Karthikeyan,Narain Karthikeyan
40,friesacher,0,FRI,1980-09-26,Austrian,http://en.wikipedia.org/wiki/Patrick_Friesacher,Patrick Friesacher
41,zonta,0,ZON,1976-03-23,Brazilian,http://en.wikipedia.org/wiki/Ricardo_Zonta,Ricardo Zonta
42,pizzonia,0,PIZ,1980-09-11,Brazilian,http://en.wikipedia.org/wiki/Ant%C3%B4nio_Pizzonia,Antônio Pizzonia
43,matta,0,Unknown,1973-09-19,Brazilian,http://en.wikipedia.org/wiki/Cristiano_da_Matta,Cristiano Da Matta
44,panis,0,Unknown,1966-09-02,French,http://en.wikipedia.org/wiki/Olivier_Panis,Olivier Panis
45,pantano,0,Unknown,1979-02-04,Italian,http://en.wikipedia.org/wiki/Giorgio_Pantano,Giorgio Pantano
46,bruni,0,Unknown,1981-05-30,Italian,http://en.wikipedia.org/wiki/Gianmaria_Bruni,Gianmaria Bruni
47,baumgartner,0,Unknown,1981-01-01,Hungarian,http://en.wikipedia.org/wiki/Zsolt_Baumgartner,Zsolt Baumgartner
48,gene,0,Unknown,1974-03-29,Spanish,http://en.wikipedia.org/wiki/Marc_Gen%C3%A9,Marc Gené
49,frentzen,0,Unknown,1967-05-18,German,http://en.wikipedia.org/wiki/Heinz-Harald_Frentzen,Heinz-Harald Frentzen
50,verstappen,0,Unknown,1972-03-04,Dutch,http://en.wikipedia.org/wiki/Jos_Verstappen,Jos Verstappen
51,wilson,0,Unknown,1978-07-31,British,http://en.wikipedia.org/wiki/Justin_Wilson_(racing_driver),Justin Wilson
52,firman,0,Unknown,1975-05-20,Irish,http://en.wikipedia.org/wiki/Ralph_Firman,Ralph Firman
53,kiesa,0,Unknown,1978-03-03,Danish,http://en.wikipedia.org/wiki/Nicolas_Kiesa,Nicolas Kiesa
54,burti,0,Unknown,1975-03-05,Brazilian,http://en.wikipedia.org/wiki/Luciano_Burti,Luciano Burti
55,alesi,0,Unknown,1964-06-11,French,http://en.wikipedia.org/wiki/Jean_Alesi,Jean Alesi
56,irvine,0,Unknown,1965-11-10,British,http://en.wikipedia.org/wiki/Eddie_Irvine,Eddie Irvine
57,hakkinen,0,Unknown,1968-09-28,Finnish,http://en.wikipedia.org/wiki/Mika_H%C3%A4kkinen,Mika Häkkinen
58,marques,0,Unknown,1976-01-19,Brazilian,http://en.wikipedia.org/wiki/Tarso_Marques,Tarso Marques
59,bernoldi,0,Unknown,1978-10-19,Brazilian,http://en.wikipedia.org/wiki/Enrique_Bernoldi,Enrique Bernoldi
60,mazzacane,0,Unknown,1975-05-08,Argentine,http://en.wikipedia.org/wiki/Gast%C3%B3n_Mazzacane,Gastón Mazzacane
61,enge,0,Unknown,1976-09-11,Czech,http://en.wikipedia.org/wiki/Tom%C3%A1%C5%A1_Enge,Tomáš Enge
62,yoong,0,Unknown,1976-07-20,Malaysian,http://en.wikipedia.org/wiki/Alex_Yoong,Alex Yoong
63,salo,0,Unknown,1966-11-30,Finnish,http://en.wikipedia.org/wiki/Mika_Salo,Mika Salo
64,diniz,0,Unknown,1970-05-22,Brazilian,http://en.wikipedia.org/wiki/Pedro_Diniz,Pedro Diniz
65,herbert,0,Unknown,1964-06-25,British,http://en.wikipedia.org/wiki/Johnny_Herbert,Johnny Herbert
66,mcnish,0,Unknown,1969-12-29,British,http://en.wikipedia.org/wiki/Allan_McNish,Allan Mcnish
67,buemi,0,BUE,1988-10-31,Swiss,http://en.wikipedia.org/wiki/S%C3%A9bastien_Buemi,Sébastien Buemi
68,takagi,0,Unknown,1974-02-12,Japanese,http://en.wikipedia.org/wiki/Toranosuke_Takagi,Toranosuke Takagi
69,badoer,0,BAD,1971-01-25,Italian,http://en.wikipedia.org/wiki/Luca_Badoer,Luca Badoer
70,zanardi,0,Unknown,1966-10-23,Italian,http://en.wikipedia.org/wiki/Alex_Zanardi,Alessandro Zanardi
71,damon_hill,0,Unknown,1960-09-17,British,http://en.wikipedia.org/wiki/Damon_Hill,Damon Hill
72,sarrazin,0,Unknown,1975-11-02,French,http://en.wikipedia.org/wiki/St%C3%A9phane_Sarrazin,Stéphane Sarrazin
73,rosset,0,Unknown,1968-07-27,Brazilian,http://en.wikipedia.org/wiki/Ricardo_Rosset,Ricardo Rosset
74,tuero,0,Unknown,1978-04-22,Argentine,http://en.wikipedia.org/wiki/Esteban_Tuero,Esteban Tuero
75,nakano,0,Unknown,1971-04-01,Japanese,http://en.wikipedia.org/wiki/Shinji_Nakano,Shinji Nakano
76,magnussen,0,MAG,1973-07-04,Danish,http://en.wikipedia.org/wiki/Jan_Magnussen,Jan Magnussen
77,berger,0,Unknown,1959-08-27,Austrian,http://en.wikipedia.org/wiki/Gerhard_Berger,Gerhard Berger
78,larini,0,Unknown,1964-03-19,Italian,http://en.wikipedia.org/wiki/Nicola_Larini,Nicola Larini
79,katayama,0,Unknown,1963-05-29,Japanese,http://en.wikipedia.org/wiki/Ukyo_Katayama,Ukyo Katayama
80,sospiri,0,Unknown,1966-10-07,Italian,http://en.wikipedia.org/wiki/Vincenzo_Sospiri,Vincenzo Sospiri
81,morbidelli,0,Unknown,1968-01-13,Italian,http://en.wikipedia.org/wiki/Gianni_Morbidelli,Gianni Morbidelli
82,fontana,0,Unknown,1975-01-20,Argentine,http://en.wikipedia.org/wiki/Norberto_Fontana,Norberto Fontana
83,lamy,0,Unknown,1972-03-20,Portuguese,http://en.wikipedia.org/wiki/Pedro_Lamy,Pedro Lamy
84,brundle,0,Unknown,1959-06-01,British,http://en.wikipedia.org/wiki/Martin_Brundle,Martin Brundle
85,montermini,0,Unknown,1964-05-30,Italian,http://en.wikipedia.org/wiki/Andrea_Montermini,Andrea Montermini
86,lavaggi,0,Unknown,1958-02-18,Italian,http://en.wikipedia.org/wiki/Giovanni_Lavaggi,Giovanni Lavaggi
87,blundell,0,Unknown,1966-04-08,British,http://en.wikipedia.org/wiki/Mark_Blundell,Mark Blundell
88,suzuki,0,Unknown,1960-09-08,Japanese,http://en.wikipedia.org/wiki/Aguri_Suzuki,Aguri Suzuki
89,inoue,0,Unknown,1963-09-05,Japanese,http://en.wikipedia.org/wiki/Taki_Inoue,Taki Inoue
90,moreno,0,Unknown,1959-02-11,Brazilian,http://en.wikipedia.org/wiki/Roberto_Moreno,Roberto Moreno
91,wendlinger,0,Unknown,1968-12-20,Austrian,http://en.wikipedia.org/wiki/Karl_Wendlinger,Karl Wendlinger
92,gachot,0,Unknown,1962-12-23,Belgian,http://en.wikipedia.org/wiki/Bertrand_Gachot,Bertrand Gachot
93,schiattarella,0,Unknown,1967-11-17,Italian,http://en.wikipedia.org/wiki/Domenico_Schiattarella,Domenico Schiattarella
94,martini,0,Unknown,1961-04-23,Italian,http://en.wikipedia.org/wiki/Pierluigi_Martini,Pierluigi Martini
95,mansell,0,Unknown,1953-08-08,British,http://en.wikipedia.org/wiki/Nigel_Mansell,Nigel Mansell
96,boullion,0,Unknown,1969-12-27,French,http://en.wikipedia.org/wiki/Jean-Christophe_Boullion,Jean-Christophe Boullion
97,papis,0,Unknown,1969-10-03,Italian,http://en.wikipedia.org/wiki/Massimiliano_Papis,Massimiliano Papis
98,deletraz,0,Unknown,1963-10-01,Swiss,http://en.wikipedia.org/wiki/Jean-Denis_Deletraz,Jean-Denis Délétraz
99,tarquini,0,Unknown,1962-03-02,Italian,http://en.wikipedia.org/wiki/Gabriele_Tarquini,Gabriele Tarquini
100,comas,0,Unknown,1963-09-28,French,http://en.wikipedia.org/wiki/%C3%89rik_Comas,Érik Comas
101,brabham,0,Unknown,1965-09-05,Australian,http://en.wikipedia.org/wiki/David_Brabham,David Brabham
102,senna,0,Unknown,1960-03-21,Brazilian,http://en.wikipedia.org/wiki/Ayrton_Senna,Ayrton Senna
103,bernard,0,Unknown,1964-08-24,French,http://en.wikipedia.org/wiki/%C3%89ric_Bernard,Éric Bernard
104,fittipaldi,0,Unknown,1971-01-18,Brazilian,http://en.wikipedia.org/wiki/Christian_Fittipaldi,Christian Fittipaldi
105,alboreto,0,Unknown,1956-12-23,Italian,http://en.wikipedia.org/wiki/Michele_Alboreto,Michele Alboreto
106,beretta,0,Unknown,1969-11-23,Monegasque,http://en.wikipedia.org/wiki/Olivier_Beretta,Olivier Beretta
107,ratzenberger,0,Unknown,1960-07-04,Austrian,http://en.wikipedia.org/wiki/Roland_Ratzenberger,Roland Ratzenberger
108,belmondo,0,Unknown,1963-04-23,French,http://en.wikipedia.org/wiki/Paul_Belmondo,Paul Belmondo
109,lehto,0,Unknown,1966-01-31,Finnish,http://en.wikipedia.org/wiki/Jyrki_J%C3%A4rvilehto,Jyrki Järvilehto
110,cesaris,0,Unknown,1959-05-31,Italian,http://en.wikipedia.org/wiki/Andrea_de_Cesaris,Andrea De Cesaris
111,gounon,0,Unknown,1963-01-01,French,http://en.wikipedia.org/wiki/Jean-Marc_Gounon,Jean-Marc Gounon
112,alliot,0,Unknown,1954-07-27,French,http://en.wikipedia.org/wiki/Philippe_Alliot,Philippe Alliot
113,adams,0,Unknown,1969-11-19,Belgian,http://en.wikipedia.org/wiki/Philippe_Adams,Philippe Adams
114,dalmas,0,Unknown,1961-07-28,French,http://en.wikipedia.org/wiki/Yannick_Dalmas,Yannick Dalmas
115,noda,0,Unknown,1969-03-07,Japanese,http://en.wikipedia.org/wiki/Hideki_Noda,Hideki Noda
116,lagorce,0,Unknown,1968-09-01,French,http://en.wikipedia.org/wiki/Franck_Lagorce,Franck Lagorce
117,prost,0,Unknown,1955-02-24,French,http://en.wikipedia.org/wiki/Alain_Prost,Alain Prost
118,warwick,0,Unknown,1954-08-27,British,http://en.wikipedia.org/wiki/Derek_Warwick,Derek Warwick
119,patrese,0,Unknown,1954-04-17,Italian,http://en.wikipedia.org/wiki/Riccardo_Patrese,Riccardo Patrese
120,barbazza,0,Unknown,1963-04-02,Italian,http://en.wikipedia.org/wiki/Fabrizio_Barbazza,Fabrizio Barbazza
121,andretti,0,Unknown,1962-10-05,American,http://en.wikipedia.org/wiki/Michael_Andretti,Michael Andretti
122,capelli,0,Unknown,1963-05-24,Italian,http://en.wikipedia.org/wiki/Ivan_Capelli,Ivan Capelli
123,boutsen,0,Unknown,1957-07-13,Belgian,http://en.wikipedia.org/wiki/Thierry_Boutsen,Thierry Boutsen
124,apicella,0,Unknown,1965-10-07,Italian,http://en.wikipedia.org/wiki/Marco_Apicella,Marco Apicella
125,naspetti,0,Unknown,1968-02-24,Italian,http://en.wikipedia.org/wiki/Emanuele_Naspetti,Emanuele Naspetti
126,toshio_suzuki,0,Unknown,1955-03-10,Japanese,http://en.wikipedia.org/wiki/Toshio_Suzuki_(driver),Toshio Suzuki
127,gugelmin,0,Unknown,1963-04-20,Brazilian,http://en.wikipedia.org/wiki/Maur%C3%ADcio_Gugelmin,Maurício Gugelmin
128,poele,0,Unknown,1961-09-30,Belgian,http://en.wikipedia.org/wiki/Eric_van_de_Poele,Eric Van De Poele
129,grouillard,0,Unknown,1958-09-02,French,http://en.wikipedia.org/wiki/Olivier_Grouillard,Olivier Grouillard
130,chiesa,0,Unknown,1964-05-06,Swiss,http://en.wikipedia.org/wiki/Andrea_Chiesa,Andrea Chiesa
131,modena,0,Unknown,1963-05-12,Italian,http://en.wikipedia.org/wiki/Stefano_Modena,Stefano Modena
132,amati,0,Unknown,1959-07-20,Italian,http://en.wikipedia.org/wiki/Giovanna_Amati,Giovanna Amati
133,caffi,0,Unknown,1964-03-18,Italian,http://en.wikipedia.org/wiki/Alex_Caffi,Alex Caffi
134,bertaggia,0,Unknown,1964-09-19,Italian,http://en.wikipedia.org/wiki/Enrico_Bertaggia,Enrico Bertaggia
135,mccarthy,0,Unknown,1961-03-03,British,http://en.wikipedia.org/wiki/Perry_McCarthy,Perry Mccarthy
136,lammers,0,Unknown,1956-06-02,Dutch,http://en.wikipedia.org/wiki/Jan_Lammers,Jan Lammers
137,piquet,0,Unknown,1952-08-17,Brazilian,http://en.wikipedia.org/wiki/Nelson_Piquet,Nelson Piquet
138,satoru_nakajima,0,Unknown,1953-02-23,Japanese,http://en.wikipedia.org/wiki/Satoru_Nakajima,Satoru Nakajima
139,pirro,0,Unknown,1962-01-12,Italian,http://en.wikipedia.org/wiki/Emanuele_Pirro,Emanuele Pirro
140,johansson,0,Unknown,1956-09-08,Swedish,http://en.wikipedia.org/wiki/Stefan_Johansson,Stefan Johansson
141,bailey,0,Unknown,1961-10-09,British,http://en.wikipedia.org/wiki/Julian_Bailey,Julian Bailey
142,chaves,0,Unknown,1965-02-27,Portuguese,http://en.wikipedia.org/wiki/Pedro_Chaves,Pedro Chaves
143,bartels,0,Unknown,1968-03-08,German,http://en.wikipedia.org/wiki/Michael_Bartels,Michael Bartels
144,hattori,0,Unknown,1966-06-13,Japanese,http://en.wikipedia.org/wiki/Naoki_Hattori,Naoki Hattori
145,nannini,0,Unknown,1959-07-07,Italian,http://en.wikipedia.org/wiki/Alessandro_Nannini,Alessandro Nannini
146,schneider,0,Unknown,1964-07-20,German,http://en.wikipedia.org/wiki/Bernd_Schneider_(racecar_driver),Bernd Schneider
147,barilla,0,Unknown,1961-04-20,Italian,http://en.wikipedia.org/wiki/Paolo_Barilla,Paolo Barilla
148,foitek,0,Unknown,1965-03-27,Swiss,http://en.wikipedia.org/wiki/Gregor_Foitek,Gregor Foitek
149,langes,0,Unknown,1960-07-20,Italian,http://en.wikipedia.org/wiki/Claudio_Langes,Claudio Langes
150,gary_brabham,0,Unknown,1961-03-29,Australian,http://en.wikipedia.org/wiki/Gary_Brabham,Gary Brabham
151,donnelly,0,Unknown,1964-03-26,British,http://en.wikipedia.org/wiki/Martin_Donnelly_(racing_driver),Martin Donnelly
152,giacomelli,0,Unknown,1952-09-10,Italian,http://en.wikipedia.org/wiki/Bruno_Giacomelli,Bruno Giacomelli
153,alguersuari,0,ALG,1990-03-23,Spanish,http://en.wikipedia.org/wiki/Jaime_Alguersuari,Jaime Alguersuari
154,grosjean,8,GRO,1986-04-17,French,http://en.wikipedia.org/wiki/Romain_Grosjean,Romain Grosjean
155,kobayashi,10,KOB,1986-09-13,Japanese,http://en.wikipedia.org/wiki/Kamui_Kobayashi,Kamui Kobayashi
156,palmer,0,Unknown,1956-11-07,British,http://en.wikipedia.org/wiki/Jonathan_Palmer,Jonathan Palmer
157,danner,0,Unknown,1958-04-04,German,http://en.wikipedia.org/wiki/Christian_Danner,Christian Danner
158,cheever,0,Unknown,1958-01-10,American,http://en.wikipedia.org/wiki/Eddie_Cheever,Eddie Cheever
159,sala,0,Unknown,1959-05-15,Spanish,http://en.wikipedia.org/wiki/Luis_Perez-Sala,Luis Pérez-Sala
160,ghinzani,0,Unknown,1952-01-16,Italian,http://en.wikipedia.org/wiki/Piercarlo_Ghinzani,Piercarlo Ghinzani
161,weidler,0,Unknown,1962-03-18,German,http://en.wikipedia.org/wiki/Volker_Weidler,Volker Weidler
162,raphanel,0,Unknown,1961-05-27,French,http://en.wikipedia.org/wiki/Pierre-Henri_Raphanel,Pierre-Henri Raphanel
163,arnoux,0,Unknown,1948-07-04,French,http://en.wikipedia.org/wiki/Ren%C3%A9_Arnoux,René Arnoux
164,joachim_winkelhock,0,Unknown,1960-10-24,German,http://en.wikipedia.org/wiki/Joachim_Winkelhock,Joachim Winkelhock
165,larrauri,0,Unknown,1954-08-19,Argentine,http://en.wikipedia.org/wiki/Oscar_Larrauri,Oscar Larrauri
166,streiff,0,Unknown,1955-06-26,French,http://en.wikipedia.org/wiki/Philippe_Streiff,Philippe Streiff
167,campos,0,Unknown,1960-06-17,Spanish,http://en.wikipedia.org/wiki/Adri%C3%A1n_Campos,Adrián Campos
168,schlesser,0,Unknown,1948-09-12,French,http://en.wikipedia.org/wiki/Jean-Louis_Schlesser,Jean-Louis Schlesser
169,fabre,0,Unknown,1960-01-09,French,http://en.wikipedia.org/wiki/Pascal_Fabre,Pascal Fabre
170,fabi,0,Unknown,1955-03-09,Italian,http://en.wikipedia.org/wiki/Teo_Fabi,Teo Fabi
171,forini,0,Unknown,1958-09-22,Swiss,http://en.wikipedia.org/wiki/Franco_Forini,Franco Forini
172,laffite,0,Unknown,1943-11-21,French,http://en.wikipedia.org/wiki/Jacques_Laffite,Jacques Laffite
173,angelis,0,Unknown,1958-03-26,Italian,http://en.wikipedia.org/wiki/Elio_de_Angelis,Elio De Angelis
174,dumfries,0,Unknown,1958-04-26,British,http://en.wikipedia.org/wiki/Johnny_Dumfries,Johnny Dumfries
175,tambay,0,Unknown,1949-06-25,French,http://en.wikipedia.org/wiki/Patrick_Tambay,Patrick Tambay
176,surer,0,Unknown,1951-09-18,Swiss,http://en.wikipedia.org/wiki/Marc_Surer,Marc Surer
177,keke_rosberg,0,Unknown,1948-12-06,Finnish,http://en.wikipedia.org/wiki/Keke_Rosberg,Keke Rosberg
178,jones,0,Unknown,1946-11-02,Australian,http://en.wikipedia.org/wiki/Alan_Jones_(Formula_1),Alan Jones
179,rothengatter,0,Unknown,1954-10-08,Dutch,http://en.wikipedia.org/wiki/Huub_Rothengatter,Huub Rothengatter
180,berg,0,Unknown,1961-08-01,Canadian,http://en.wikipedia.org/wiki/Allen_Berg,Allen Berg
181,manfred_winkelhock,0,Unknown,1951-10-06,German,http://en.wikipedia.org/wiki/Manfred_Winkelhock,Manfred Winkelhock
182,lauda,0,Unknown,1949-02-22,Austrian,http://en.wikipedia.org/wiki/Niki_Lauda,Niki Lauda
183,hesnault,0,Unknown,1956-12-30,French,http://en.wikipedia.org/wiki/Fran%C3%A7ois_Hesnault,François Hesnault
184,baldi,0,Unknown,1954-01-31,Italian,http://en.wikipedia.org/wiki/Mauro_Baldi,Mauro Baldi
185,bellof,0,Unknown,1957-11-20,German,http://en.wikipedia.org/wiki/Stefan_Bellof,Stefan Bellof
186,acheson,0,Unknown,1957-11-27,British,http://en.wikipedia.org/wiki/Kenny_Acheson,Kenny Acheson
187,watson,0,Unknown,1946-05-04,British,http://en.wikipedia.org/wiki/John_Watson_(racing_driver),John Watson
188,cecotto,0,Unknown,1956-01-25,Venezuelan,http://en.wikipedia.org/wiki/Johnny_Cecotto,Johnny Cecotto
189,gartner,0,Unknown,1954-01-24,Austrian,http://en.wikipedia.org/wiki/Jo_Gartner,Jo Gartner
190,corrado_fabi,0,Unknown,1961-04-12,Italian,http://en.wikipedia.org/wiki/Corrado_Fabi,Corrado Fabi
191,thackwell,0,Unknown,1961-03-30,New Zealander,http://en.wikipedia.org/wiki/Mike_Thackwell,Mike Thackwell
192,serra,0,Unknown,1957-02-03,Brazilian,http://en.wikipedia.org/wiki/Chico_Serra,Chico Serra
193,sullivan,0,Unknown,1950-03-09,American,http://en.wikipedia.org/wiki/Danny_Sullivan,Danny Sullivan
194,salazar,0,Unknown,1954-11-14,Chilean,http://en.wikipedia.org/wiki/Eliseo_Salazar,Eliseo Salazar
195,guerrero,0,Unknown,1958-11-16,Colombian,http://en.wikipedia.org/wiki/Roberto_Guerrero,Roberto Guerrero
196,boesel,0,Unknown,1957-12-04,Brazilian,http://en.wikipedia.org/wiki/Raul_Boesel,Raul Boesel
197,jarier,0,Unknown,1946-07-10,French,http://en.wikipedia.org/wiki/Jean-Pierre_Jarier,Jean-Pierre Jarier
198,villeneuve_sr,0,Unknown,1953-11-04,Canadian,http://en.wikipedia.org/wiki/Jacques_Villeneuve_(elder),Jacques Villeneuve Sr.
199,reutemann,0,Unknown,1942-04-12,Argentine,http://en.wikipedia.org/wiki/Carlos_Reutemann,Carlos Reutemann
200,mass,0,Unknown,1946-09-30,German,http://en.wikipedia.org/wiki/Jochen_Mass,Jochen Mass
201,borgudd,0,Unknown,1946-11-25,Swedish,http://en.wikipedia.org/wiki/Slim_Borgudd,Slim Borgudd
202,pironi,0,Unknown,1952-03-26,French,http://en.wikipedia.org/wiki/Didier_Pironi,Didier Pironi
203,gilles_villeneuve,0,Unknown,1950-01-18,Canadian,http://en.wikipedia.org/wiki/Gilles_Villeneuve,Gilles Villeneuve
204,paletti,0,Unknown,1958-06-15,Italian,http://en.wikipedia.org/wiki/Riccardo_Paletti,Riccardo Paletti
205,henton,0,Unknown,1946-09-19,British,http://en.wikipedia.org/wiki/Brian_Henton,Brian Henton
206,daly,0,Unknown,1953-03-11,Irish,http://en.wikipedia.org/wiki/Derek_Daly,Derek Daly
207,mario_andretti,0,Unknown,1940-02-28,American,http://en.wikipedia.org/wiki/Mario_Andretti,Mario Andretti
208,villota,0,Unknown,1946-07-26,Spanish,http://en.wikipedia.org/wiki/Emilio_de_Villota,Emilio De Villota
209,lees,0,Unknown,1951-05-01,British,http://en.wikipedia.org/wiki/Geoff_Lees,Geoff Lees
210,byrne,0,Unknown,1958-05-06,Irish,http://en.wikipedia.org/wiki/Tommy_Byrne_%28racing_driver%29,Tommy Byrne
211,keegan,0,Unknown,1955-02-26,British,http://en.wikipedia.org/wiki/Rupert_Keegan,Rupert Keegan
212,rebaque,0,Unknown,1956-02-05,Mexican,http://en.wikipedia.org/wiki/Hector_Rebaque,Hector Rebaque
213,gabbiani,0,Unknown,1957-01-02,Italian,http://en.wikipedia.org/wiki/Beppe_Gabbiani,Beppe Gabbiani
214,cogan,0,Unknown,1956-03-31,American,http://en.wikipedia.org/wiki/Kevin_Cogan,Kevin Cogan
215,guerra,0,Unknown,1953-08-31,Argentine,http://en.wikipedia.org/wiki/Miguel_Angel_Guerra,Miguel Ángel Guerra
216,stohr,0,Unknown,1952-10-10,Italian,http://en.wikipedia.org/wiki/Siegfried_Stohr,Siegfried Stohr
217,zunino,0,Unknown,1949-04-13,Argentine,http://en.wikipedia.org/wiki/Ricardo_Zunino,Ricardo Zunino
218,londono,0,Unknown,1949-08-08,Colombian,http://en.wikipedia.org/wiki/Ricardo_Londo%C3%B1o,Ricardo Londoño
219,jabouille,0,Unknown,1942-10-01,French,http://en.wikipedia.org/wiki/Jean-Pierre_Jabouille,Jean-Pierre Jabouille
220,francia,0,Unknown,1947-11-08,Italian,http://en.wikipedia.org/wiki/Giorgio_Francia,Giorgio Francia
221,depailler,0,Unknown,1944-08-09,French,http://en.wikipedia.org/wiki/Patrick_Depailler,Patrick Depailler
222,scheckter,0,Unknown,1950-01-29,South African,http://en.wikipedia.org/wiki/Jody_Scheckter,Jody Scheckter
223,regazzoni,0,Unknown,1939-09-05,Swiss,http://en.wikipedia.org/wiki/Clay_Regazzoni,Clay Regazzoni
224,emerson_fittipaldi,0,Unknown,1946-12-12,Brazilian,http://en.wikipedia.org/wiki/Emerson_Fittipaldi,Emerson Fittipaldi
225,kennedy,0,Unknown,1953-01-15,Irish,http://en.wikipedia.org/wiki/David_Kennedy_(racing_driver),Dave Kennedy
226,south,0,Unknown,1952-02-19,British,http://en.wikipedia.org/wiki/Stephen_South,Stephen South
227,needell,0,Unknown,1951-10-29,British,http://en.wikipedia.org/wiki/Tiff_Needell,Tiff Needell
228,desire_wilson,0,Unknown,1953-11-26,South African,http://en.wikipedia.org/wiki/Desir%C3%A9_Wilson,Desiré Wilson
229,ertl,0,Unknown,1948-08-31,Austrian,http://en.wikipedia.org/wiki/Harald_Ertl,Harald Ertl
230,brambilla,0,Unknown,1937-11-11,Italian,http://en.wikipedia.org/wiki/Vittorio_Brambilla,Vittorio Brambilla
231,hunt,0,Unknown,1947-08-29,British,http://en.wikipedia.org/wiki/James_Hunt,James Hunt
232,merzario,0,Unknown,1943-03-11,Italian,http://en.wikipedia.org/wiki/Arturo_Merzario,Arturo Merzario
233,stuck,0,Unknown,1951-01-01,German,http://en.wikipedia.org/wiki/Hans_Joachim_Stuck,Hans-Joachim Stuck
234,brancatelli,0,Unknown,1950-01-18,Italian,http://en.wikipedia.org/wiki/Gianfranco_Brancatelli,Gianfranco Brancatelli
235,ickx,0,Unknown,1945-01-01,Belgian,http://en.wikipedia.org/wiki/Jacky_Ickx,Jacky Ickx
236,gaillard,0,Unknown,1952-02-12,French,http://en.wikipedia.org/wiki/Patrick_Gaillard,Patrick Gaillard
237,ribeiro,0,Unknown,1948-11-07,Brazilian,http://en.wikipedia.org/wiki/Alex_Ribeiro,Alex Ribeiro
238,peterson,0,Unknown,1944-02-14,Swedish,http://en.wikipedia.org/wiki/Ronnie_Peterson,Ronnie Peterson
239,lunger,0,Unknown,1945-11-14,American,http://en.wikipedia.org/wiki/Brett_Lunger,Brett Lunger
240,ongais,0,Unknown,1942-05-21,American,http://en.wikipedia.org/wiki/Danny_Ongais,Danny Ongais
241,leoni,0,Unknown,1953-05-24,Italian,http://en.wikipedia.org/wiki/Lamberto_Leoni,Lamberto Leoni
242,galica,0,Unknown,1944-08-13,British,http://en.wikipedia.org/wiki/Divina_Galica,Divina Galica
243,stommelen,0,Unknown,1943-07-11,German,http://en.wikipedia.org/wiki/Rolf_Stommelen,Rolf Stommelen
244,colombo,0,Unknown,1946-02-23,Italian,http://en.wikipedia.org/wiki/Alberto_Colombo,Alberto Colombo
245,trimmer,0,Unknown,1943-01-24,British,http://en.wikipedia.org/wiki/Tony_Trimmer,Tony Trimmer
246,binder,0,Unknown,1948-06-12,Austrian,http://en.wikipedia.org/wiki/Hans_Binder,Hans Binder
247,bleekemolen,0,Unknown,1949-10-02,Dutch,http://en.wikipedia.org/wiki/Michael_Bleekemolen,Michael Bleekemolen
248,gimax,0,Unknown,1938-01-01,Italian,http://en.wikipedia.org/wiki/Gimax,Carlo Franchi
249,rahal,0,Unknown,1953-01-10,American,http://en.wikipedia.org/wiki/Bobby_Rahal,Bobby Rahal
250,pace,0,Unknown,1944-10-06,Brazilian,http://en.wikipedia.org/wiki/Carlos_Pace,Carlos Pace
251,ian_scheckter,0,Unknown,1947-08-22,South African,http://en.wikipedia.org/wiki/Ian_Scheckter,Ian Scheckter
252,pryce,0,Unknown,1949-06-11,British,http://en.wikipedia.org/wiki/Tom_Pryce,Tom Pryce
253,hoffmann,0,Unknown,1953-02-28,Brazilian,http://en.wikipedia.org/wiki/Ingo_Hoffmann,Ingo Hoffmann
254,zorzi,0,Unknown,1946-12-12,Italian,http://en.wikipedia.org/wiki/Renzo_Zorzi,Renzo Zorzi
255,nilsson,0,Unknown,1948-11-20,Swedish,http://en.wikipedia.org/wiki/Gunnar_Nilsson,Gunnar Nilsson
256,perkins,0,Unknown,1950-03-18,Australian,http://en.wikipedia.org/wiki/Larry_Perkins,Larry Perkins
257,hayje,0,Unknown,1949-05-03,Dutch,http://en.wikipedia.org/wiki/Boy_Hayje,Boy Lunger
258,neve,0,Unknown,1949-10-13,Belgian,http://en.wikipedia.org/wiki/Patrick_Neve,Patrick Nève
259,purley,0,Unknown,1945-01-26,British,http://en.wikipedia.org/wiki/David_Purley,David Purley
260,andersson,0,Unknown,1939-12-28,Swedish,http://en.wikipedia.org/wiki/Conny_Andersson_(racing_driver),Conny Andersson
261,dryver,0,Unknown,1952-09-19,Belgian,http://en.wikipedia.org/wiki/Bernard_de_Dryver,Bernard De Dryver
262,oliver,0,Unknown,1942-08-14,British,http://en.wikipedia.org/wiki/Jackie_Oliver,Jackie Oliver
263,kozarowitzky,0,Unknown,1948-05-17,Finnish,http://en.wikipedia.org/wiki/Mikko_Kozarowitzky,Mikko Kozarowitzky
264,sutcliffe,0,Unknown,1947-05-09,British,http://en.wikipedia.org/wiki/Andy_Sutcliffe,Andy Sutcliffe
265,edwards,0,Unknown,1942-12-30,British,http://en.wikipedia.org/wiki/Guy_Edwards,Guy Edwards
266,mcguire,0,Unknown,1945-12-13,Australian,http://en.wikipedia.org/wiki/Brian_McGuire,Brian Mcguire
267,schuppan,0,Unknown,1943-03-19,Australian,http://en.wikipedia.org/wiki/Vern_Schuppan,Vern Schuppan
268,heyer,0,Unknown,1943-03-16,German,http://en.wikipedia.org/wiki/Hans_Heyer,Hans Heyer
269,pilette,0,Unknown,1942-07-26,Belgian,http://en.wikipedia.org/wiki/Teddy_Pilette,Teddy Pilette
270,ashley,0,Unknown,1947-10-26,British,http://en.wikipedia.org/wiki/Ian_Ashley,Ian Ashley
271,kessel,0,Unknown,1950-04-01,Swiss,http://en.wikipedia.org/wiki/Loris_Kessel,Loris Kessel
272,takahashi,0,Unknown,1940-01-29,Japanese,http://en.wikipedia.org/wiki/Kunimitsu_Takahashi,Kunimitsu Takahashi
273,hoshino,0,Unknown,1947-07-01,Japanese,http://en.wikipedia.org/wiki/Kazuyoshi_Hoshino,Kazuyoshi Hoshino
274,takahara,0,Unknown,1951-06-06,Japanese,http://en.wikipedia.org/wiki/Noritake_Takahara,Noritake Takahara
275,lombardi,0,Unknown,1941-03-26,Italian,http://en.wikipedia.org/wiki/Lella_Lombardi,Lella Lombardi
276,evans,0,Unknown,1947-06-11,British,http://en.wikipedia.org/wiki/Bob_Evans_(race_driver),Bob Evans
277,leclere,0,Unknown,1946-03-18,French,http://en.wikipedia.org/wiki/Michel_Lecl%C3%A8re,Michel Leclère
278,amon,0,Unknown,1943-07-20,New Zealander,http://en.wikipedia.org/wiki/Chris_Amon,Chris Amon
279,zapico,0,Unknown,1944-05-27,Spanish,http://en.wikipedia.org/wiki/Emilio_Zapico,Emilio Zapico
280,pescarolo,0,Unknown,1942-09-25,French,http://en.wikipedia.org/wiki/Henri_Pescarolo,Henri Pescarolo
281,nelleman,0,Unknown,1944-04-19,Danish,http://en.wikipedia.org/wiki/Jac_Nelleman,Jac Nelleman
282,magee,0,Unknown,1945-11-17,British,http://en.wikipedia.org/wiki/Damien_Magee,Damien Magee
283,wilds,0,Unknown,1946-01-07,British,http://en.wikipedia.org/wiki/Mike_Wilds,Mike Wilds
284,pesenti_rossi,0,Unknown,1942-08-31,Italian,http://en.wikipedia.org/wiki/Alessandro_Pesenti-Rossi,Alessandro Pesenti-Rossi
285,stuppacher,0,Unknown,1947-03-03,Austrian,http://en.wikipedia.org/wiki/Otto_Stuppacher,Otto Stuppacher
286,brown,0,Unknown,1949-12-24,Australian,http://en.wikipedia.org/wiki/Warwick_Brown,Warwick Brown
287,hasemi,0,Unknown,1945-11-13,Japanese,http://en.wikipedia.org/wiki/Masahiro_Hasemi,Masahiro Hasemi
288,donohue,0,Unknown,1937-03-18,American,http://en.wikipedia.org/wiki/Mark_Donohue,Mark Donohue
289,hill,0,Unknown,1929-02-15,British,http://en.wikipedia.org/wiki/Graham_Hill,Graham Hill
290,wilson_fittipaldi,0,Unknown,1943-12-25,Brazilian,http://en.wikipedia.org/wiki/Wilson_Fittipaldi,Wilson Fittipaldi
291,tunmer,0,Unknown,1948-12-01,South African,http://en.wikipedia.org/wiki/Guy_Tunmer,Guy Tunmer
292,keizan,0,Unknown,1944-09-12,South African,http://en.wikipedia.org/wiki/Eddie_Keizan,Eddie Keizan
293,charlton,0,Unknown,1936-10-27,South African,http://en.wikipedia.org/wiki/Dave_Charlton,Dave Charlton
294,brise,0,Unknown,1952-03-28,British,http://en.wikipedia.org/wiki/Tony_Brise,Tony Brise
295,wunderink,0,Unknown,1948-12-12,Dutch,http://en.wikipedia.org/wiki/Roelof_Wunderink,Roelof Wunderink
296,migault,0,Unknown,1944-12-04,French,http://en.wikipedia.org/wiki/Fran%C3%A7ois_Migault,François Migault
297,palm,0,Unknown,1947-07-23,Swedish,http://en.wikipedia.org/wiki/Torsten_Palm,Torsten Palm
298,lennep,0,Unknown,1942-03-16,Dutch,http://en.wikipedia.org/wiki/Gijs_Van_Lennep,Gijs Van Lennep
299,fushida,0,Unknown,1946-03-10,Japanese,http://en.wikipedia.org/wiki/Hiroshi_Fushida,Hiroshi Fushida
300,nicholson,0,Unknown,1941-10-06,New Zealander,http://en.wikipedia.org/wiki/John_Nicholson_(racing_driver),John Nicholson
301,morgan,0,Unknown,1944-08-07,British,http://en.wikipedia.org/wiki/Dave_Morgan_(racing_driver),Dave Morgan
302,crawford,0,Unknown,1948-02-13,British,http://en.wikipedia.org/wiki/Jim_Crawford_(driver),Jim Crawford
303,vonlanthen,0,Unknown,1942-05-31,Swiss,http://en.wikipedia.org/wiki/Jo_Vonlanthen,Jo Vonlanthen
304,hulme,0,Unknown,1936-06-18,New Zealander,http://en.wikipedia.org/wiki/Denny_Hulme,Denny Hulme
305,hailwood,0,Unknown,1940-04-02,British,http://en.wikipedia.org/wiki/Mike_Hailwood,Mike Hailwood
306,beltoise,0,Unknown,1937-04-26,French,http://en.wikipedia.org/wiki/Jean-Pierre_Beltoise,Jean-Pierre Beltoise
307,ganley,0,Unknown,1941-12-24,New Zealander,http://en.wikipedia.org/wiki/Howden_Ganley,Howden Ganley
308,robarts,0,Unknown,1944-09-22,British,http://en.wikipedia.org/wiki/Richard_Robarts,Richard Robarts
309,revson,0,Unknown,1939-02-27,American,http://en.wikipedia.org/wiki/Peter_Revson,Peter Revson
310,driver,0,Unknown,1934-05-13,South African,http://en.wikipedia.org/wiki/Paddy_Driver,Paddy Driver
311,belso,0,Unknown,1942-08-27,Danish,http://en.wikipedia.org/wiki/Tom_Bels%C3%B8,Tom Belsø
312,redman,0,Unknown,1937-03-09,British,http://en.wikipedia.org/wiki/Brian_Redman,Brian Redman
313,opel,0,Unknown,1947-10-14,Liechtensteiner,http://en.wikipedia.org/wiki/Rikky_von_Opel,Rikky Von Opel
314,schenken,0,Unknown,1943-09-26,Australian,http://en.wikipedia.org/wiki/Tim_Schenken,Tim Schenken
315,larrousse,0,Unknown,1940-05-23,French,http://en.wikipedia.org/wiki/G%C3%A9rard_Larrousse,Gérard Larrousse
316,kinnunen,0,Unknown,1943-08-05,Finnish,http://en.wikipedia.org/wiki/Leo_Kinnunen,Leo Kinnunen
317,wisell,0,Unknown,1941-09-30,Swedish,http://en.wikipedia.org/wiki/Reine_Wisell,Reine Wisell
318,roos,0,Unknown,1943-10-12,Swedish,http://en.wikipedia.org/wiki/Bertil_Roos,Bertil Roos
319,dolhem,0,Unknown,1944-04-26,French,http://en.wikipedia.org/wiki/Jos%C3%A9_Dolhem,José Dolhem
320,gethin,0,Unknown,1940-02-21,British,http://en.wikipedia.org/wiki/Peter_Gethin,Peter Gethin
321,bell,0,Unknown,1941-10-31,British,http://en.wikipedia.org/wiki/Derek_Bell_(auto_racer),Derek Bell
322,hobbs,0,Unknown,1939-06-09,British,http://en.wikipedia.org/wiki/David_Hobbs_(racing_driver),David Hobbs
323,quester,0,Unknown,1939-05-30,Austrian,http://en.wikipedia.org/wiki/Dieter_Quester,Dieter Quester
324,koinigg,0,Unknown,1948-11-03,Austrian,http://en.wikipedia.org/wiki/Helmuth_Koinigg,Helmuth Koinigg
325,facetti,0,Unknown,1935-06-26,Italian,http://en.wikipedia.org/wiki/Carlo_Facetti,Carlo Facetti
326,wietzes,0,Unknown,1938-05-28,Canadian,http://en.wikipedia.org/wiki/Eppie_Wietzes,Eppie Wietzes
327,cevert,0,Unknown,1944-02-25,French,http://en.wikipedia.org/wiki/Fran%C3%A7ois_Cevert,François Cevert
328,stewart,0,Unknown,1939-06-11,British,http://en.wikipedia.org/wiki/Jackie_Stewart,Jackie Stewart
329,beuttler,0,Unknown,1940-04-13,British,http://en.wikipedia.org/wiki/Mike_Beuttler,Mike Beuttler
330,galli,0,Unknown,1940-10-02,Italian,http://en.wikipedia.org/wiki/Nanni_Galli,Nanni Galli
331,bueno,0,Unknown,1937-01-16,Brazilian,http://en.wikipedia.org/wiki/Luiz_Bueno,Luiz Bueno
332,follmer,0,Unknown,1934-01-27,American,http://en.wikipedia.org/wiki/George_Follmer,George Follmer
333,adamich,0,Unknown,1941-10-03,Italian,http://en.wikipedia.org/wiki/Andrea_de_Adamich,Andrea De Adamich
334,pretorius,0,Unknown,1934-11-22,South African,http://en.wikipedia.org/wiki/Jackie_Pretorius,Jackie Pretorius
335,williamson,0,Unknown,1948-02-02,British,http://en.wikipedia.org/wiki/Roger_Williamson,Roger Williamson
336,mcrae,0,Unknown,1940-03-05,New Zealander,http://en.wikipedia.org/wiki/Graham_McRae,Graham Mcrae
337,marko,0,Unknown,1943-04-27,Austrian,http://en.wikipedia.org/wiki/Helmut_Marko,Helmut Marko
338,walker,0,Unknown,1941-06-10,Australian,http://en.wikipedia.org/wiki/David_Walker_(racing_driver),David Walker
339,roig,0,Unknown,1932-10-29,Spanish,http://en.wikipedia.org/wiki/Alex_Soler-Roig,Alex Soler-Roig
340,love,0,Unknown,1924-12-07,Rhodesian,http://en.wikipedia.org/wiki/John_Love_(racing_driver),John Love
341,surtees,0,Unknown,1934-02-11,British,http://en.wikipedia.org/wiki/John_Surtees,John Surtees
342,barber,0,Unknown,1936-11-16,American,http://en.wikipedia.org/wiki/Skip_Barber,Skip Barber
343,brack,0,Unknown,1935-12-26,Canadian,http://en.wikipedia.org/wiki/Bill_Brack,Bill Brack
344,posey,0,Unknown,1944-05-26,American,http://en.wikipedia.org/wiki/Sam_Posey,Sam Posey
345,rodriguez,0,Unknown,1940-01-18,Mexican,http://en.wikipedia.org/wiki/Pedro_Rodr%C3%ADguez_(racing_driver),Pedro Rodríguez
346,siffert,0,Unknown,1936-07-07,Swiss,http://en.wikipedia.org/wiki/Jo_Siffert,Jo Siffert
347,bonnier,0,Unknown,1930-01-31,Swedish,http://en.wikipedia.org/wiki/Joakim_Bonnier,Jo Bonnier
348,mazet,0,Unknown,1943-02-24,French,http://en.wikipedia.org/wiki/Fran%C3%A7ois_Mazet,François Mazet
349,jean,0,Unknown,1943-07-27,French,http://en.wikipedia.org/wiki/Max_Jean,Max Jean
350,elford,0,Unknown,1935-06-10,British,http://en.wikipedia.org/wiki/Vic_Elford,Vic Elford
351,moser,0,Unknown,1941-04-24,Swiss,http://en.wikipedia.org/wiki/Silvio_Moser,Silvio Moser
352,eaton,0,Unknown,1945-11-12,Canadian,http://en.wikipedia.org/wiki/George_Eaton,George Eaton
353,lovely,0,Unknown,1926-04-11,American,http://en.wikipedia.org/wiki/Pete_Lovely,Pete Lovely
354,craft,0,Unknown,1939-11-17,British,http://en.wikipedia.org/wiki/Chris_Craft_(racing_driver),Chris Craft
355,Cannoc,0,Unknown,1933-06-21,Canadian,http://en.wikipedia.org/wiki/John_Cannon_(auto_racer),John Cannon
356,jack_brabham,0,Unknown,1926-04-02,Australian,http://en.wikipedia.org/wiki/Jack_Brabham,Jack Brabham
357,miles,0,Unknown,1943-06-14,British,http://en.wikipedia.org/wiki/John_Miles_(auto_racer),John Miles
358,rindt,0,Unknown,1942-04-18,Austrian,http://en.wikipedia.org/wiki/Jochen_Rindt,Jochen Rindt
359,gavin,0,Unknown,1942-01-18,French,http://en.wikipedia.org/wiki/Johnny_Servoz-Gavin,Johnny Servoz-Gavin
360,mclaren,0,Unknown,1937-08-30,New Zealander,http://en.wikipedia.org/wiki/Bruce_McLaren,Bruce Mclaren
361,courage,0,Unknown,1942-05-27,British,http://en.wikipedia.org/wiki/Piers_Courage,Piers Courage
362,klerk,0,Unknown,1935-03-16,South African,http://en.wikipedia.org/wiki/Peter_de_Klerk,Peter De Klerk
363,giunti,0,Unknown,1941-08-30,Italian,http://en.wikipedia.org/wiki/Ignazio_Giunti,Ignazio Giunti
364,gurney,0,Unknown,1931-04-13,American,http://en.wikipedia.org/wiki/Dan_Gurney,Dan Gurney
365,hahne,0,Unknown,1935-03-28,German,http://en.wikipedia.org/wiki/Hubert_Hahne,Hubert Hahne
366,hutchison,0,Unknown,1937-04-26,American,http://en.wikipedia.org/wiki/Gus_Hutchison,Gus Hutchison
367,westbury,0,Unknown,1938-05-26,British,http://en.wikipedia.org/wiki/Peter_Westbury,Peter Westbury
368,tingle,0,Unknown,1921-08-24,Rhodesian,http://en.wikipedia.org/wiki/Sam_Tingle,Sam Tingle
369,rooyen,0,Unknown,1939-04-19,South African,http://en.wikipedia.org/wiki/Basil_van_Rooyen,Basil Van Rooyen
370,attwood,0,Unknown,1940-04-04,British,http://en.wikipedia.org/wiki/Richard_Attwood,Richard Attwood
371,pease,0,Unknown,1921-10-15,Canadian,http://en.wikipedia.org/wiki/Al_Pease,Al Pease
372,cordts,0,Unknown,1935-07-23,Canadian,http://en.wikipedia.org/wiki/John_Cordts,John Cordts
373,clark,0,Unknown,1936-03-04,British,http://en.wikipedia.org/wiki/Jim_Clark,Jim Clark
374,spence,0,Unknown,1936-12-30,British,http://en.wikipedia.org/wiki/Mike_Spence,Mike Spence
375,scarfiotti,0,Unknown,1933-10-18,Italian,http://en.wikipedia.org/wiki/Ludovico_Scarfiotti,Ludovico Scarfiotti
376,bianchi,0,BIA,1934-11-10,Belgian,http://en.wikipedia.org/wiki/Lucien_Bianchi,Lucien Bianchi
377,jo_schlesser,0,Unknown,1928-05-18,French,http://en.wikipedia.org/wiki/Jo_Schlesser,Jo Schlesser
378,widdows,0,Unknown,1942-05-27,British,http://en.wikipedia.org/wiki/Robin_Widdows,Robin Widdows
379,ahrens,0,Unknown,1940-04-19,German,"http://en.wikipedia.org/wiki/Kurt_Ahrens,_Jr.",Kurt Ahrens
380,gardner,0,Unknown,1930-10-01,Australian,http://en.wikipedia.org/wiki/Frank_Gardner_(driver),Frank Gardner
381,unser,0,Unknown,1934-02-20,American,http://en.wikipedia.org/wiki/Bobby_Unser,Bobby Unser
382,solana,0,Unknown,1935-12-26,Mexican,http://en.wikipedia.org/wiki/Mois%C3%A9s_Solana,Moisés Solana
383,anderson,0,Unknown,1931-05-19,British,http://en.wikipedia.org/wiki/Bob_Anderson_(racing_driver),Bob Anderson
384,botha,0,Unknown,1930-01-16,South African,http://en.wikipedia.org/wiki/Luki_Botha,Luki Botha
385,bandini,0,Unknown,1935-12-21,Italian,http://en.wikipedia.org/wiki/Lorenzo_Bandini,Lorenzo Bandini
386,ginther,0,Unknown,1930-08-05,American,http://en.wikipedia.org/wiki/Richie_Ginther,Richie Ginther
387,parkes,0,Unknown,1931-09-24,British,http://en.wikipedia.org/wiki/Mike_Parkes,Mike Parkes
388,irwin,0,Unknown,1942-06-27,British,http://en.wikipedia.org/wiki/Chris_Irwin,Chris Irwin
389,ligier,0,Unknown,1930-07-12,French,http://en.wikipedia.org/wiki/Guy_Ligier,Guy Ligier
390,rees,0,Unknown,1938-01-12,British,http://en.wikipedia.org/wiki/Alan_Rees_(racing_driver),Alan Rees
391,hart,0,Unknown,1936-09-07,British,http://en.wikipedia.org/wiki/Brian_Hart,Brian Hart
392,fisher,0,Unknown,1943-03-13,American,http://en.wikipedia.org/wiki/Mike_Fisher_(driver),Mike Fisher
393,tom_jones,0,Unknown,1943-04-26,American,http://en.wikipedia.org/wiki/Tom_Jones_(auto_racer),Tom Jones
394,baghetti,0,Unknown,1934-12-25,Italian,http://en.wikipedia.org/wiki/Giancarlo_Baghetti,Giancarlo Baghetti
395,williams,0,Unknown,1942-10-26,British,http://en.wikipedia.org/wiki/Jonathan_Williams_(racing_driver),Jonathan Williams
396,bondurant,0,Unknown,1933-04-27,American,http://en.wikipedia.org/wiki/Bob_Bondurant,Bob Bondurant
397,arundell,0,Unknown,1933-11-08,British,http://en.wikipedia.org/wiki/Peter_Arundell,Peter Arundell
398,vic_wilson,0,Unknown,1931-04-14,British,http://en.wikipedia.org/wiki/Vic_Wilson_(motor_racing_driver),Vic Wilson
399,taylor,0,Unknown,1933-03-23,British,http://en.wikipedia.org/wiki/John_Taylor_(racer),John Taylor
400,lawrence,0,Unknown,1933-07-27,British,http://en.wikipedia.org/wiki/Chris_Lawrence_(racing_driver),Chris Lawrence
401,trevor_taylor,0,Unknown,1936-12-26,British,http://en.wikipedia.org/wiki/Trevor_Taylor,Trevor Taylor
402,geki,0,Unknown,1937-10-23,Italian,http://en.wikipedia.org/wiki/Geki_(driver),Giacomo Russo
403,phil_hill,0,Unknown,1927-04-20,American,http://en.wikipedia.org/wiki/Phil_Hill,Phil Hill
404,ireland,0,Unknown,1930-06-12,British,http://en.wikipedia.org/wiki/Innes_Ireland,Innes Ireland
405,bucknum,0,Unknown,1936-04-05,American,http://en.wikipedia.org/wiki/Ronnie_Bucknum,Ronnie Bucknum
406,hawkins,0,Unknown,1937-10-12,Australian,http://en.wikipedia.org/wiki/Paul_Hawkins_(racing_driver),Paul Hawkins
407,prophet,0,Unknown,1937-10-09,British,http://en.wikipedia.org/wiki/David_Prophet,David Prophet
408,maggs,0,Unknown,1937-02-09,South African,http://en.wikipedia.org/wiki/Tony_Maggs,Tony Maggs
409,blokdyk,0,Unknown,1935-11-30,South African,http://en.wikipedia.org/wiki/Trevor_Blokdyk,Trevor Blokdyk
410,lederle,0,Unknown,1938-09-25,South African,http://en.wikipedia.org/wiki/Neville_Lederle,Neville Lederle
411,serrurier,0,Unknown,1920-12-09,South African,http://en.wikipedia.org/wiki/Doug_Serrurier,Doug Serrurier
412,niemann,0,Unknown,1939-01-07,South African,http://en.wikipedia.org/wiki/Brausch_Niemann,Brausch Niemann
413,pieterse,0,Unknown,1938-07-04,South African,http://en.wikipedia.org/wiki/Ernie_Pieterse,Ernie Pieterse
414,puzey,0,Unknown,1941-07-11,Rhodesian,http://en.wikipedia.org/wiki/Clive_Puzey,Clive Puzey
415,reed,0,Unknown,1932-04-30,South African,http://en.wikipedia.org/wiki/Ray_Reed,Ray Reed
416,clapham,0,Unknown,1931-05-18,South African,http://en.wikipedia.org/wiki/David_Clapham,David Clapham
417,blignaut,0,Unknown,1932-11-30,South African,http://en.wikipedia.org/wiki/Alex_Blignaut,Alex Blignaut
418,gregory,0,Unknown,1932-02-29,American,http://en.wikipedia.org/wiki/Masten_Gregory,Masten Gregory
419,rhodes,0,Unknown,1927-08-18,British,http://en.wikipedia.org/wiki/John_Rhodes_(driver),John Rhodes
420,raby,0,Unknown,1921-09-22,British,http://en.wikipedia.org/wiki/Ian_Raby,Ian Raby
421,rollinson,0,Unknown,1943-05-15,British,http://en.wikipedia.org/wiki/Alan_Rollinson,Alan Rollinson
422,gubby,0,Unknown,1934-04-17,British,http://en.wikipedia.org/wiki/Brian_Gubby,Brian Gubby
423,mitter,0,Unknown,1935-08-30,German,http://en.wikipedia.org/wiki/Gerhard_Mitter,Gerhard Mitter
424,bussinello,0,Unknown,1927-10-04,Italian,http://en.wikipedia.org/wiki/Roberto_Bussinello,Roberto Bussinello
425,vaccarella,0,Unknown,1933-03-04,Italian,http://en.wikipedia.org/wiki/Nino_Vaccarella,Nino Vaccarella
426,bassi,0,Unknown,1934-01-20,Italian,http://en.wikipedia.org/wiki/Giorgio_Bassi,Giorgio Bassi
427,trintignant,0,Unknown,1917-10-30,French,http://en.wikipedia.org/wiki/Maurice_Trintignant,Maurice Trintignant
428,collomb,0,Unknown,1930-10-07,French,http://en.wikipedia.org/wiki/Bernard_Collomb,Bernard Collomb
429,andre_pilette,0,Unknown,1918-10-06,Belgian,http://en.wikipedia.org/wiki/Andr%C3%A9_Pilette,André Pilette
430,beaufort,0,Unknown,1934-04-10,Dutch,http://en.wikipedia.org/wiki/Carel_Godin_de_Beaufort,Carel Godin De Beaufort
431,barth,0,Unknown,1917-01-26,German,http://en.wikipedia.org/wiki/Edgar_Barth,Edgar Barth
432,cabral,0,Unknown,1934-01-15,Portuguese,http://en.wikipedia.org/wiki/Mario_de_Araujo_Cabral,Mário De Araújo Cabral
433,hansgen,0,Unknown,1919-10-28,American,http://en.wikipedia.org/wiki/Walt_Hansgen,Walt Hansgen
434,sharp,0,Unknown,1928-01-01,American,http://en.wikipedia.org/wiki/Hap_Sharp,Hap Sharp
435,mairesse,0,Unknown,1928-10-01,Belgian,http://en.wikipedia.org/wiki/Willy_Mairesse,Willy Mairesse
436,campbell-jones,0,Unknown,1930-01-21,British,http://en.wikipedia.org/wiki/John_Campbell-Jones,John Campbell-Jones
437,burgess,0,Unknown,1930-07-06,British,http://en.wikipedia.org/wiki/Ian_Burgess,Ian Burgess
438,settember,0,Unknown,1926-07-10,American,http://en.wikipedia.org/wiki/Tony_Settember,Tony Settember
439,estefano,0,Unknown,1932-11-18,Argentine,http://en.wikipedia.org/wiki/Nasif_Est%C3%A9fano,Nasif Estéfano
440,hall,0,Unknown,1935-07-23,American,http://en.wikipedia.org/wiki/Jim_Hall_(race_car_driver),Jim Hall
441,parnell,0,Unknown,1932-06-25,British,http://en.wikipedia.org/wiki/Tim_Parnell,Tim Parnell
442,kuhnke,0,Unknown,1910-04-30,German,http://en.wikipedia.org/wiki/Kurt_Kuhnke,Kurt Kuhnke
443,ernesto_brambilla,0,Unknown,1934-01-31,Italian,http://en.wikipedia.org/wiki/Ernesto_Brambilla,Ernesto Brambilla
444,lippi,0,Unknown,1926-10-17,Italian,http://en.wikipedia.org/wiki/Roberto_Lippi,Roberto Lippi
445,seiffert,0,Unknown,1937-10-18,German,http://en.wikipedia.org/wiki/G%C3%BCnther_Seiffert,Günther Seiffert
446,abate,0,Unknown,1932-07-10,Italian,http://en.wikipedia.org/wiki/Carlo_Mario_Abate,Carlo Abate
447,starrabba,0,Unknown,1932-12-03,Italian,http://en.wikipedia.org/wiki/Gaetano_Starrabba,Gaetano Starrabba
448,broeker,0,Unknown,1926-05-15,Canadian,http://en.wikipedia.org/wiki/Peter_Broeker,Peter Broeker
449,ward,0,Unknown,1921-01-10,American,http://en.wikipedia.org/wiki/Rodger_Ward,Rodger Ward
450,vos,0,Unknown,1941-07-01,Dutch,http://en.wikipedia.org/wiki/Ernie_de_Vos,Ernie De Vos
451,dochnal,0,Unknown,1920-10-08,American,http://en.wikipedia.org/wiki/Frank_Dochnal,Frank Dochnal
452,monarch,0,Unknown,1945-09-03,American,http://en.wikipedia.org/wiki/Talk:1963_Mexican_Grand_Prix#Who_was_Thomas_Monarch.3F,Thomas Monarch
842,gasly,10,GAS,1996-02-07,French,http://en.wikipedia.org/wiki/Pierre_Gasly,Pierre Gasly
453,lewis,0,Unknown,1936-11-01,British,http://en.wikipedia.org/wiki/Jackie_Lewis,Jackie Lewis
454,ricardo_rodriguez,0,Unknown,1942-02-14,Mexican,http://en.wikipedia.org/wiki/Ricardo_Rodr%C3%ADguez_(Formula_One),Ricardo Rodríguez
455,seidel,0,Unknown,1926-07-04,German,http://en.wikipedia.org/wiki/Wolfgang_Seidel,Wolfgang Seidel
456,salvadori,0,Unknown,1922-05-12,British,http://en.wikipedia.org/wiki/Roy_Salvadori,Roy Salvadori
457,pon,0,Unknown,1936-12-09,Dutch,http://en.wikipedia.org/wiki/Ben_Pon,Ben Pon
458,slotemaker,0,Unknown,1929-06-13,Dutch,http://en.wikipedia.org/wiki/Rob_Slotemaker,Rob Slotemaker
459,marsh,0,Unknown,1931-07-20,British,http://en.wikipedia.org/wiki/Tony_Marsh_(racing_driver),Tony Marsh
460,ashmore,0,Unknown,1936-07-25,British,http://en.wikipedia.org/wiki/Gerry_Ashmore,Gerry Ashmore
461,schiller,0,Unknown,1930-01-25,Swiss,http://en.wikipedia.org/wiki/Heinz_Schiller,Heinz Schiller
462,davis,0,Unknown,1933-07-29,British,http://en.wikipedia.org/wiki/Colin_Davis_(driver),Colin Davis
463,chamberlain,0,Unknown,1925-12-29,American,http://en.wikipedia.org/wiki/Jay_Chamberlain,Jay Chamberlain
464,shelly,0,Unknown,1937-02-02,New Zealander,http://en.wikipedia.org/wiki/Tony_Shelly,Tony Shelly
465,greene,0,Unknown,1938-01-05,British,http://en.wikipedia.org/wiki/Keith_Greene,Keith Greene
466,walter,0,Unknown,1927-07-28,Swiss,http://en.wikipedia.org/wiki/Heini_Walter,Heini Walter
467,prinoth,0,Unknown,1923-04-15,Italian,http://en.wikipedia.org/wiki/Ernesto_Prinoth,Ernesto Prinoth
468,penske,0,Unknown,1937-02-20,American,http://en.wikipedia.org/wiki/Roger_Penske,Roger Penske
469,schroeder,0,Unknown,1926-05-11,British,http://en.wikipedia.org/wiki/Rob_Schroeder,Rob Schroeder
470,mayer,0,Unknown,1938-02-22,American,http://en.wikipedia.org/wiki/Timmy_Mayer,Timmy Mayer
471,johnstone,0,Unknown,1937-01-30,South African,http://en.wikipedia.org/wiki/Bruce_Johnstone_(racing_driver),Bruce Johnstone
472,harris,0,Unknown,1939-05-25,South African,http://en.wikipedia.org/wiki/Mike_Harris_(race_car_driver),Mike Harris
473,hocking,0,Unknown,1937-09-30,Rhodesian,http://en.wikipedia.org/wiki/Gary_Hocking,Gary Hocking
474,vyver,0,Unknown,1920-06-01,South African,http://en.wikipedia.org/wiki/Syd_van_der_Vyver,Syd Van Der Vyver
475,moss,0,Unknown,1929-09-17,British,http://en.wikipedia.org/wiki/Stirling_Moss,Stirling Moss
476,trips,0,Unknown,1928-05-04,German,http://en.wikipedia.org/wiki/Wolfgang_Graf_Berghe_von_Trips,Wolfgang Von Trips
477,allison,0,Unknown,1932-02-08,British,http://en.wikipedia.org/wiki/Cliff_Allison,Cliff Allison
478,herrmann,0,Unknown,1928-02-23,German,http://en.wikipedia.org/wiki/Hans_Herrmann,Hans Herrmann
479,brooks,0,Unknown,1932-02-25,British,http://en.wikipedia.org/wiki/Tony_Brooks,Tony Brooks
480,may,0,Unknown,1934-08-18,Swiss,http://en.wikipedia.org/wiki/Michael_May_(racing_driver),Michael May
481,henry_taylor,0,Unknown,1932-12-16,British,http://en.wikipedia.org/wiki/Henry_Taylor_(racing_driver),Henry Taylor
482,gendebien,0,Unknown,1924-01-12,Belgian,http://en.wikipedia.org/wiki/Olivier_Gendebien,Olivier Gendebien
483,scarlatti,0,Unknown,1921-10-02,Italian,http://en.wikipedia.org/wiki/Giorgio_Scarlatti,Giorgio Scarlatti
484,naylor,0,Unknown,1923-03-24,British,http://en.wikipedia.org/wiki/Brian_Naylor,Brian Naylor
485,bordeu,0,Unknown,1934-01-28,Argentine,http://en.wikipedia.org/wiki/Juan_Manuel_Bordeu,Juan Manuel Bordeu
486,fairman,0,Unknown,1913-03-15,British,http://en.wikipedia.org/wiki/Jack_Fairman,Jack Fairman
487,natili,0,Unknown,1935-07-28,Italian,http://en.wikipedia.org/wiki/Massimo_Natili,Massimo Natili
488,monteverdi,0,Unknown,1934-06-07,Swiss,http://en.wikipedia.org/wiki/Peter_Monteverdi,Peter Monteverdi
489,pirocchi,0,Unknown,1933-03-26,Italian,http://en.wikipedia.org/wiki/Renato_Pirocchi,Renato Pirocchi
490,duke,0,Unknown,1923-03-29,British,http://en.wikipedia.org/wiki/Geoff_Duke,Geoff Duke
491,thiele,0,Unknown,1920-04-05,American-Italian,http://en.wikipedia.org/wiki/Alfonso_Thiele,Alfonso Thiele
492,boffa,0,Unknown,1930-01-04,Italian,http://en.wikipedia.org/wiki/Menato_Boffa,Menato Boffa
493,ryan,0,Unknown,1940-06-10,Canadian,http://en.wikipedia.org/wiki/Peter_Ryan_(driver),Peter Ryan
494,ruby,0,Unknown,1928-01-12,American,http://en.wikipedia.org/wiki/Lloyd_Ruby,Lloyd Ruby
495,ken_miles,0,Unknown,1918-11-01,British,http://en.wikipedia.org/wiki/Ken_Miles,Ken Miles
496,menditeguy,0,Unknown,1914-08-10,Argentine,http://en.wikipedia.org/wiki/Carlos_Menditeguy,Carlos Menditeguy
497,larreta,0,Unknown,1934-01-14,Argentine,http://en.wikipedia.org/wiki/Alberto_Rodriguez_Larreta,Alberto Rodriguez Larreta
498,gonzalez,0,Unknown,1922-10-05,Argentine,http://en.wikipedia.org/wiki/Jos%C3%A9_Froil%C3%A1n_Gonz%C3%A1lez,José Froilán González
499,bonomi,0,Unknown,1919-09-30,Argentine,http://en.wikipedia.org/wiki/Roberto_Bonomi,Roberto Bonomi
500,munaron,0,Unknown,1928-04-02,Italian,http://en.wikipedia.org/wiki/Gino_Munaron,Gino Munaron
501,schell,0,Unknown,1921-06-29,American,http://en.wikipedia.org/wiki/Harry_Schell,Harry Schell
502,stacey,0,Unknown,1933-08-29,British,http://en.wikipedia.org/wiki/Alan_Stacey,Alan Stacey
503,chimeri,0,Unknown,1921-06-04,Venezuelan,http://en.wikipedia.org/wiki/Ettore_Chimeri,Ettore Chimeri
504,creus,0,Unknown,1924-10-28,Spanish,http://en.wikipedia.org/wiki/Antonio_Creus,Antonio Creus
505,bristow,0,Unknown,1937-12-02,British,http://en.wikipedia.org/wiki/Chris_Bristow,Chris Bristow
506,halford,0,Unknown,1931-05-18,British,http://en.wikipedia.org/wiki/Bruce_Halford,Bruce Halford
507,daigh,0,Unknown,1923-11-29,American,http://en.wikipedia.org/wiki/Chuck_Daigh,Chuck Daigh
508,reventlow,0,Unknown,1936-02-24,American,http://en.wikipedia.org/wiki/Lance_Reventlow,Lance Reventlow
509,rathmann,0,Unknown,1928-07-16,American,http://en.wikipedia.org/wiki/Jim_Rathmann,Jim Rathmann
510,goldsmith,0,Unknown,1925-10-02,American,http://en.wikipedia.org/wiki/Paul_Goldsmith,Paul Goldsmith
511,branson,0,Unknown,1920-06-02,American,http://en.wikipedia.org/wiki/Don_Branson,Don Branson
512,thomson,0,Unknown,1922-04-09,American,http://en.wikipedia.org/wiki/Johnny_Thomson,Johnny Thomson
513,johnson,0,Unknown,1919-02-10,American,http://en.wikipedia.org/wiki/Eddie_Johnson_(auto_racer),Eddie Johnson
514,veith,0,Unknown,1926-11-01,American,http://en.wikipedia.org/wiki/Bob_Veith,Bob Veith
515,tingelstad,0,Unknown,1928-04-04,American,http://en.wikipedia.org/wiki/Bud_Tingelstad,Bud Tingelstad
516,christie,0,Unknown,1924-04-04,American,http://en.wikipedia.org/wiki/Bob_Christie_(racing_driver),Bob Christie
517,amick,0,Unknown,1929-01-19,American,http://en.wikipedia.org/wiki/Red_Amick,Red Amick
518,darter,0,Unknown,1913-05-05,American,http://en.wikipedia.org/wiki/Duane_Carter,Duane Carter
519,homeier,0,Unknown,1918-08-31,American,http://en.wikipedia.org/wiki/Bill_Homeier,Bill Homeier
520,hartley,0,Unknown,1926-01-28,American,http://en.wikipedia.org/wiki/Gene_Hartley,Gene Hartley
521,stevenson,0,Unknown,1919-10-15,American,http://en.wikipedia.org/wiki/Chuck_Stevenson,Chuck Stevenson
522,grim,0,Unknown,1924-09-04,American,http://en.wikipedia.org/wiki/Bobby_Grim,Bobby Grim
523,templeman,0,Unknown,1919-08-12,American,http://en.wikipedia.org/wiki/Shorty_Templeman,Shorty Templeman
524,hurtubise,0,Unknown,1932-12-05,American,http://en.wikipedia.org/wiki/Jim_Hurtubise,Jim Hurtubise
525,bryan,0,Unknown,1926-01-28,American,http://en.wikipedia.org/wiki/Jimmy_Bryan,Jimmy Bryan
526,ruttman,0,Unknown,1930-03-11,American,http://en.wikipedia.org/wiki/Troy_Ruttman,Troy Ruttman
527,sachs,0,Unknown,1927-05-28,American,http://en.wikipedia.org/wiki/Eddie_Sachs,Eddie Sachs
528,freeland,0,Unknown,1925-03-25,American,http://en.wikipedia.org/wiki/Don_Freeland,Don Freeland
529,bettenhausen,0,Unknown,1916-09-12,American,http://en.wikipedia.org/wiki/Tony_Bettenhausen,Tony Bettenhausen
530,weiler,0,Unknown,1934-12-09,American,http://en.wikipedia.org/wiki/Wayne_Weiler,Wayne Weiler
531,foyt,0,Unknown,1935-01-16,American,http://en.wikipedia.org/wiki/A.J._Foyt,Anthony Foyt
532,russo,0,Unknown,1925-11-19,American,http://en.wikipedia.org/wiki/Eddie_Russo,Eddie Russo
533,boyd,0,Unknown,1926-08-19,American,http://en.wikipedia.org/wiki/Johnny_Boyd,Johnny Boyd
534,force,0,Unknown,1916-06-15,American,http://en.wikipedia.org/wiki/Gene_Force,Gene Force
535,mcwithey,0,Unknown,1927-07-04,American,http://en.wikipedia.org/wiki/Jim_McWithey,Jim Mcwithey
536,sutton,0,Unknown,1925-08-09,American,http://en.wikipedia.org/wiki/Len_Sutton,Len Sutton
537,dick_rathmann,0,Unknown,1924-01-06,American,http://en.wikipedia.org/wiki/Dick_Rathmann,Dick Rathmann
538,herman,0,Unknown,1927-03-15,American,http://en.wikipedia.org/wiki/Al_Herman,Al Herman
539,dempsey_wilson,0,Unknown,1927-03-11,American,http://en.wikipedia.org/wiki/Dempsey_Wilson,Dempsey Wilson
540,mike_taylor,0,Unknown,1934-04-24,British,http://en.wikipedia.org/wiki/Mike_Taylor_(driver),Mike Taylor
541,flockhart,0,Unknown,1923-06-16,British,http://en.wikipedia.org/wiki/Ron_Flockhart_(auto_racing),Ron Flockhart
542,piper,0,Unknown,1930-12-02,British,http://en.wikipedia.org/wiki/David_Piper,David Piper
543,cabianca,0,Unknown,1923-02-19,Italian,http://en.wikipedia.org/wiki/Giulio_Cabianca,Giulio Cabianca
544,drogo,0,Unknown,1926-08-08,Italian,http://en.wikipedia.org/wiki/Piero_Drogo,Piero Drogo
545,gamble,0,Unknown,1932-03-17,American,http://en.wikipedia.org/wiki/Fred_Gamble_(racing_driver),Fred Gamble
546,owen,0,Unknown,1915-03-23,British,http://en.wikipedia.org/wiki/Arthur_Owen,Arthur Owen
547,gould,0,Unknown,1918-09-20,British,http://en.wikipedia.org/wiki/Horace_Gould,Horace Gould
548,drake,0,Unknown,1919-12-14,American,http://en.wikipedia.org/wiki/Bob_Drake_(Formula_One),Bob Drake
549,bueb,0,Unknown,1923-06-06,British,http://en.wikipedia.org/wiki/Ivor_Bueb,Ivor Bueb
550,Changy,0,Unknown,1922-02-05,Belgian,http://en.wikipedia.org/wiki/Alain_de_Changy,Alain De Changy
551,filippis,0,Unknown,1926-11-11,Italian,http://en.wikipedia.org/wiki/Maria_Teresa_de_Filippis,Maria De Filippis
552,lucienbonnet,0,Unknown,1923-01-07,French,http://en.wikipedia.org/wiki/Jean_Lucienbonnet,Jean Lucienbonnet
553,testut,0,Unknown,1926-04-13,Monegasque,http://en.wikipedia.org/wiki/Andr%C3%A9_Testut,André Testut
554,behra,0,Unknown,1921-02-16,French,http://en.wikipedia.org/wiki/Jean_Behra,Jean Behra
555,paul_russo,0,Unknown,1914-04-10,American,http://en.wikipedia.org/wiki/Paul_Russo,Paul Russo
556,daywalt,0,Unknown,1924-08-28,American,http://en.wikipedia.org/wiki/Jimmy_Daywalt,Jimmy Daywalt
557,arnold,0,Unknown,1926-05-30,American,http://en.wikipedia.org/wiki/Chuck_Arnold,Chuck Arnold
558,keller,0,Unknown,1920-04-11,American,http://en.wikipedia.org/wiki/Al_Keller,Al Keller
559,flaherty,0,Unknown,1926-01-06,American,http://en.wikipedia.org/wiki/Pat_Flaherty_(racing_driver),Pat Flaherty
560,cheesbourg,0,Unknown,1927-06-12,American,http://en.wikipedia.org/wiki/Bill_Cheesbourg,Bill Cheesbourg
561,ray_crawford,0,Unknown,1915-10-26,American,http://en.wikipedia.org/wiki/Ray_Crawford,Ray Crawford
562,turner,0,Unknown,1920-02-12,American,http://en.wikipedia.org/wiki/Jack_Turner_(driver),Jack Turner
563,weyant,0,Unknown,1923-04-03,American,http://en.wikipedia.org/wiki/Chuck_Weyant,Chuck Weyant
564,larson,0,Unknown,1923-01-21,American,http://en.wikipedia.org/wiki/Jud_Larson,Jud Larson
565,magill,0,Unknown,1920-02-08,American,http://en.wikipedia.org/wiki/Mike_Magill,Mike Magill
566,shelby,0,Unknown,1923-01-11,American,http://en.wikipedia.org/wiki/Carroll_Shelby,Carroll Shelby
567,orey,0,Unknown,1938-03-25,Brazilian,http://en.wikipedia.org/wiki/Fritz_d%27Orey,Fritz D'Orey
568,fontes,0,Unknown,1922-12-26,Uruguayan,http://en.wikipedia.org/wiki/Azdrubal_Fontes,Azdrubal Fontes
569,ashdown,0,Unknown,1934-10-16,British,http://en.wikipedia.org/wiki/Peter_Ashdown,Peter Ashdown
570,bill_moss,0,Unknown,1933-09-04,British,http://en.wikipedia.org/wiki/Bill_Moss_(racing_driver),Bill Moss
571,dennis_taylor,0,Unknown,1921-06-12,British,http://en.wikipedia.org/wiki/Dennis_Taylor_(racing_driver),Dennis Taylor
572,blanchard,0,Unknown,1929-06-13,American,http://en.wikipedia.org/wiki/Harry_Blanchard,Harry Blanchard
573,tomaso,0,Unknown,1928-07-10,Argentine-Italian,http://en.wikipedia.org/wiki/Alessandro_de_Tomaso,Alessandro De Tomaso
574,constantine,0,Unknown,1918-02-22,American,http://en.wikipedia.org/wiki/George_Constantine,George Constantine
575,said,0,Unknown,1932-05-05,American,http://en.wikipedia.org/wiki/Bob_Said,Bob Said
576,cade,0,Unknown,1916-06-12,American,http://en.wikipedia.org/wiki/Phil_Cade,Phil Cade
577,musso,0,Unknown,1924-07-28,Italian,http://en.wikipedia.org/wiki/Luigi_Musso,Luigi Musso
578,hawthorn,0,Unknown,1929-04-10,British,http://en.wikipedia.org/wiki/Mike_Hawthorn,Mike Hawthorn
579,fangio,0,Unknown,1911-06-24,Argentine,http://en.wikipedia.org/wiki/Juan_Manuel_Fangio,Juan Fangio
580,godia,0,Unknown,1921-03-21,Spanish,http://en.wikipedia.org/wiki/Paco_Godia,Paco Godia
581,collins,0,Unknown,1931-11-06,British,http://en.wikipedia.org/wiki/Peter_Collins_(racing_driver),Peter Collins
582,kavanagh,0,Unknown,1923-12-12,Australian,http://en.wikipedia.org/wiki/Ken_Kavanagh,Ken Kavanagh
583,gerini,0,Unknown,1928-08-10,Italian,http://en.wikipedia.org/wiki/Gerino_Gerini_(racing_driver),Gerino Gerini
584,kessler,0,Unknown,1936-03-23,American,http://en.wikipedia.org/wiki/Bruce_Kessler,Bruce Kessler
585,emery,0,Unknown,1916-11-12,British,http://en.wikipedia.org/wiki/Paul_Emery,Paul Emery
586,piotti,0,Unknown,1913-10-27,Italian,http://en.wikipedia.org/wiki/Luigi_Piotti,Luigi Piotti
587,ecclestone,0,Unknown,1930-10-28,British,http://en.wikipedia.org/wiki/Bernie_Ecclestone,Bernie Ecclestone
588,taramazzo,0,Unknown,1932-05-05,Italian,http://en.wikipedia.org/wiki/Luigi_Taramazzo,Luigi Taramazzo
589,chiron,0,Unknown,1899-08-03,Monegasque,http://en.wikipedia.org/wiki/Louis_Chiron,Louis Chiron
590,lewis-evans,0,Unknown,1930-04-20,British,http://en.wikipedia.org/wiki/Stuart_Lewis-Evans,Stuart Lewis-Evans
591,george_amick,0,Unknown,1924-10-24,American,http://en.wikipedia.org/wiki/George_Amick,George Amick
592,reece,0,Unknown,1929-11-17,American,http://en.wikipedia.org/wiki/Jimmy_Reece,Jimmy Reece
593,parsons,0,Unknown,1918-07-04,American,http://en.wikipedia.org/wiki/Johnnie_Parsons,Johnnie Parsons
594,tolan,0,Unknown,1917-10-22,American,http://en.wikipedia.org/wiki/Johnnie_Tolan,Johnnie Tolan
595,garrett,0,Unknown,1933-04-24,American,http://en.wikipedia.org/wiki/Billy_Garrett,Billy Garrett
596,elisian,0,Unknown,1926-12-09,American,http://en.wikipedia.org/wiki/Ed_Elisian,Ed Elisian
597,connor,0,Unknown,1928-10-09,American,http://en.wikipedia.org/wiki/Pat_O%27Connor_(auto_racer),Pat O'Connor
598,jerry_unser,0,Unknown,1932-11-15,American,http://en.wikipedia.org/wiki/Jerry_Unser,Jerry Unser
599,bisch,0,Unknown,1926-11-10,American,http://en.wikipedia.org/wiki/Art_Bisch,Art Bisch
600,goethals,0,Unknown,1928-08-04,Belgian,http://en.wikipedia.org/wiki/Christian_Goethals,Christian Goethals
601,gibson,0,Unknown,1918-04-16,British,http://en.wikipedia.org/wiki/Dick_Gibson,Dick Gibson
602,la_caze,0,Unknown,1917-02-26,French,http://en.wikipedia.org/wiki/Robert_La_Caze,Robert La Caze
603,guelfi,0,Unknown,1919-05-06,French,http://en.wikipedia.org/wiki/Andr%C3%A9_Guelfi,André Guelfi
604,picard,0,Unknown,1921-04-26,French,http://en.wikipedia.org/wiki/Fran%C3%A7ois_Picard,François Picard
605,bridger,0,Unknown,1934-06-24,British,http://en.wikipedia.org/wiki/Tom_Bridger,Tom Bridger
606,portago,0,Unknown,1928-10-11,Spanish,http://en.wikipedia.org/wiki/Alfonso_de_Portago,Alfonso De Portago
607,perdisa,0,Unknown,1932-10-21,Italian,http://en.wikipedia.org/wiki/Cesare_Perdisa,Cesare Perdisa
608,castellotti,0,Unknown,1930-10-10,Italian,http://en.wikipedia.org/wiki/Eugenio_Castellotti,Eugenio Castellotti
609,simon,0,Unknown,1920-01-05,French,http://en.wikipedia.org/wiki/Andr%C3%A9_Simon_(racing_driver),André Simon
610,leston,0,Unknown,1920-12-16,British,http://en.wikipedia.org/wiki/Les_Leston,Les Leston
611,hanks,0,Unknown,1914-07-13,American,http://en.wikipedia.org/wiki/Sam_Hanks,Sam Hanks
612,linden,0,Unknown,1922-04-05,American,http://en.wikipedia.org/wiki/Andy_Linden_(racing_driver),Andy Linden
613,teague,0,Unknown,1921-02-22,American,http://en.wikipedia.org/wiki/Marshall_Teague_(racing_driver),Marshall Teague
614,edmunds,0,Unknown,1930-09-23,American,http://en.wikipedia.org/wiki/Don_Edmunds,Don Edmunds
615,agabashian,0,Unknown,1913-08-21,American,http://en.wikipedia.org/wiki/Fred_Agabashian,Fred Agabashian
616,george,0,Unknown,1928-07-15,American,http://en.wikipedia.org/wiki/Elmer_George,Elmer George
617,macdowel,0,Unknown,1932-09-13,British,http://en.wikipedia.org/wiki/Mike_MacDowel,Mike Macdowel
618,mackay-fraser,0,Unknown,1927-06-23,American,http://en.wikipedia.org/wiki/Herbert_MacKay-Fraser,Herbert Mackay-Fraser
619,gerard,0,Unknown,1914-01-19,British,http://en.wikipedia.org/wiki/Bob_Gerard,Bob Gerard
620,maglioli,0,Unknown,1928-06-05,Italian,http://en.wikipedia.org/wiki/Umberto_Maglioli,Umberto Maglioli
621,england,0,Unknown,1929-03-28,Australian,http://en.wikipedia.org/wiki/Paul_England,Paul England
622,landi,0,Unknown,1907-07-14,Brazilian,http://en.wikipedia.org/wiki/Chico_Landi,Chico Landi
623,uria,0,Unknown,1924-07-11,Uruguayan,http://en.wikipedia.org/wiki/Alberto_Uria,Alberto Uria
624,ramos,0,Unknown,1925-12-07,Brazilian,http://en.wikipedia.org/wiki/Hernando_da_Silva_Ramos,Hernando Da Silva Ramos
625,bayol,0,Unknown,1914-02-28,French,http://en.wikipedia.org/wiki/%C3%89lie_Bayol,Élie Bayol
626,manzon,0,Unknown,1917-04-12,French,http://en.wikipedia.org/wiki/Robert_Manzon,Robert Manzon
627,rosier,0,Unknown,1905-11-05,French,http://en.wikipedia.org/wiki/Louis_Rosier,Louis Rosier
628,sweikert,0,Unknown,1926-05-20,American,http://en.wikipedia.org/wiki/Bob_Sweikert,Bob Sweikert
629,griffith,0,Unknown,1916-02-06,American,http://en.wikipedia.org/wiki/Cliff_Griffith,Cliff Griffith
630,dinsmore,0,Unknown,1913-04-10,American,http://en.wikipedia.org/wiki/Duke_Dinsmore,Duke Dinsmore
631,andrews,0,Unknown,1920-06-15,American,http://en.wikipedia.org/wiki/Keith_Andrews_(driver),Keith Andrews
632,frere,0,Unknown,1917-01-30,Belgian,http://en.wikipedia.org/wiki/Paul_Fr%C3%A8re,Paul Frère
633,villoresi,0,Unknown,1909-05-16,Italian,http://en.wikipedia.org/wiki/Luigi_Villoresi,Luigi Villoresi
634,scotti,0,Unknown,1909-11-11,Italian,http://en.wikipedia.org/wiki/Piero_Scotti,Piero Scotti
635,chapman,0,Unknown,1928-05-19,British,http://en.wikipedia.org/wiki/Colin_Chapman,Colin Chapman
636,titterington,0,Unknown,1928-05-01,British,http://en.wikipedia.org/wiki/Desmond_Titterington,Desmond Titterington
637,scott_Brown,0,Unknown,1927-05-13,British,http://en.wikipedia.org/wiki/Archie_Scott_Brown,Archie Scott Brown
638,volonterio,0,Unknown,1917-12-07,Swiss,http://en.wikipedia.org/wiki/Ottorino_Volonterio,Ottorino Volonterio
639,milhoux,0,Unknown,1928-12-09,Belgian,http://en.wikipedia.org/wiki/Andr%C3%A9_Milhoux,André Milhoux
640,graffenried,0,Unknown,1914-05-18,Swiss,http://en.wikipedia.org/wiki/Toulo_de_Graffenried,Toulo De Graffenried
641,taruffi,0,Unknown,1906-10-12,Italian,http://en.wikipedia.org/wiki/Piero_Taruffi,Piero Taruffi
642,farina,0,Unknown,1906-10-30,Italian,http://en.wikipedia.org/wiki/Nino_Farina,Nino Farina
643,mieres,0,Unknown,1924-12-03,Argentine,http://en.wikipedia.org/wiki/Roberto_Mieres,Roberto Mieres
644,mantovani,0,Unknown,1929-05-22,Italian,http://en.wikipedia.org/wiki/Sergio_Mantovani,Sergio Mantovani
645,bucci,0,Unknown,1920-09-04,Argentine,http://en.wikipedia.org/wiki/Clemar_Bucci,Clemar Bucci
646,iglesias,0,Unknown,1922-02-22,Argentine,http://en.wikipedia.org/wiki/Jes%C3%BAs_Iglesias,Jesús Iglesias
647,ascari,0,Unknown,1918-07-13,Italian,http://en.wikipedia.org/wiki/Alberto_Ascari,Alberto Ascari
648,kling,0,Unknown,1910-09-16,German,http://en.wikipedia.org/wiki/Karl_Kling,Karl Kling
649,birger,0,Unknown,1924-01-07,Argentine,http://en.wikipedia.org/wiki/Pablo_Birger,Pablo Birger
650,pollet,0,Unknown,1922-07-02,French,http://en.wikipedia.org/wiki/Jacques_Pollet,Jacques Pollet
651,macklin,0,Unknown,1919-09-02,British,http://en.wikipedia.org/wiki/Lance_Macklin,Lance Macklin
652,whiteaway,0,Unknown,1928-11-01,British,http://en.wikipedia.org/wiki/Ted_Whiteaway,Ted Whiteaway
653,davies,0,Unknown,1929-08-08,American,http://en.wikipedia.org/wiki/Jimmy_Davies,Jimmy Davies
654,faulkner,0,Unknown,1920-02-16,American,http://en.wikipedia.org/wiki/Walt_Faulkner,Walt Faulkner
655,niday,0,Unknown,1914-04-29,American,http://en.wikipedia.org/wiki/Cal_Niday,Cal Niday
656,cross,0,Unknown,1918-01-24,American,http://en.wikipedia.org/wiki/Art_Cross,Art Cross
657,vukovich,0,Unknown,1918-12-13,American,http://en.wikipedia.org/wiki/Bill_Vukovich,Bill Vukovich
658,mcgrath,0,Unknown,1919-10-08,American,http://en.wikipedia.org/wiki/Jack_McGrath_(racing_driver),Jack Mcgrath
659,hoyt,0,Unknown,1929-01-29,American,http://en.wikipedia.org/wiki/Jerry_Hoyt,Jerry Hoyt
660,claes,0,Unknown,1916-08-11,Belgian,http://en.wikipedia.org/wiki/Johnny_Claes,Johnny Claes
661,peter_walker,0,Unknown,1912-10-07,British,http://en.wikipedia.org/wiki/Peter_Walker_(driver),Peter Walker
662,sparken,0,Unknown,1930-06-16,French,http://en.wikipedia.org/wiki/Mike_Sparken,Mike Sparken
663,wharton,0,Unknown,1916-03-21,British,http://en.wikipedia.org/wiki/Ken_Wharton,Ken Wharton
664,mcalpine,0,Unknown,1920-09-21,British,http://en.wikipedia.org/wiki/Kenneth_McAlpine,Kenneth Mcalpine
665,marr,0,Unknown,1922-08-14,British,http://en.wikipedia.org/wiki/Leslie_Marr,Leslie Marr
666,rolt,0,Unknown,1918-10-16,British,http://en.wikipedia.org/wiki/Tony_Rolt,Tony Rolt
667,fitch,0,Unknown,1917-08-04,American,http://en.wikipedia.org/wiki/John_Fitch_(driver),John Fitch
668,lucas,0,Unknown,1917-04-25,French,http://en.wikipedia.org/wiki/Jean_Lucas,Jean Lucas
669,bira,0,Unknown,1914-07-15,Thai,http://en.wikipedia.org/wiki/Prince_Bira,Prince Bira
670,marimon,0,Unknown,1923-12-19,Argentine,http://en.wikipedia.org/wiki/Onofre_Marim%C3%B3n,Onofre Marimón
671,loyer,0,Unknown,1907-08-05,French,http://en.wikipedia.org/wiki/Roger_Loyer,Roger Loyer
672,daponte,0,Unknown,1923-06-05,Argentine,http://en.wikipedia.org/wiki/Jorge_Daponte,Jorge Daponte
673,nazaruk,0,Unknown,1921-10-02,American,http://en.wikipedia.org/wiki/Mike_Nazaruk,Mike Nazaruk
674,crockett,0,Unknown,1926-10-23,American,http://en.wikipedia.org/wiki/Larry_Crockett,Larry Crockett
675,ayulo,0,Unknown,1921-10-20,American,http://en.wikipedia.org/wiki/Manny_Ayulo,Manny Ayulo
676,armi,0,Unknown,1918-10-12,American,http://en.wikipedia.org/wiki/Frank_Armi,Frank Armi
677,webb,0,Unknown,1910-10-08,American,http://en.wikipedia.org/wiki/Travis_Webb,Travis Webb
678,duncan,0,Unknown,1911-07-25,American,http://en.wikipedia.org/wiki/Len_Duncan,Len Duncan
679,mccoy,0,Unknown,1921-02-19,American,http://en.wikipedia.org/wiki/Ernie_McCoy,Ernie Mccoy
680,swaters,0,Unknown,1926-10-30,American,http://en.wikipedia.org/wiki/Jacques_Swaters,Jacques Swaters
681,georges_berger,0,Unknown,1918-09-14,Belgian,http://en.wikipedia.org/wiki/Georges_Berger,Georges Berger
682,beauman,0,Unknown,1928-07-26,British,http://en.wikipedia.org/wiki/Don_Beauman,Don Beauman
683,thorne,0,Unknown,1916-06-23,British,http://en.wikipedia.org/wiki/Leslie_Thorne,Leslie Thorne
684,whitehouse,0,Unknown,1909-04-01,British,http://en.wikipedia.org/wiki/Bill_Whitehouse,Bill Whitehouse
685,riseley_prichard,0,Unknown,1924-01-17,British,http://en.wikipedia.org/wiki/John_Riseley-Prichard,John Riseley-Prichard
686,reg_parnell,0,Unknown,1911-07-02,British,http://en.wikipedia.org/wiki/Reg_Parnell,Reg Parnell
687,whitehead,0,Unknown,1914-11-12,British,http://en.wikipedia.org/wiki/Peter_Whitehead_(racing_driver),Peter Whitehead
688,brandon,0,Unknown,1920-07-18,British,http://en.wikipedia.org/wiki/Eric_Brandon,Eric Brandon
689,alan_brown,0,Unknown,1919-11-20,British,http://en.wikipedia.org/wiki/Alan_Brown_(racing_driver),Alan Brown
690,nuckey,0,Unknown,1929-06-26,British,http://en.wikipedia.org/wiki/Rodney_Nuckey,Rodney Nuckey
691,lang,0,Unknown,1909-04-06,German,http://en.wikipedia.org/wiki/Hermann_Lang,Hermann Lang
692,helfrich,0,Unknown,1913-05-13,German,http://en.wikipedia.org/wiki/Theo_Helfrich,Theo Helfrich
693,wacker,0,Unknown,1918-07-10,American,http://en.wikipedia.org/wiki/Fred_Wacker,Fred Wacker
694,riu,0,Unknown,1925-03-10,Italian,http://en.wikipedia.org/wiki/Giovanni_de_Riu,Giovanni De Riu
695,galvez,0,Unknown,1913-08-17,Argentine,http://en.wikipedia.org/wiki/%C3%93scar_Alfredo_G%C3%A1lvez,Oscar Gálvez
696,john_barber,0,Unknown,1929-07-22,British,http://en.wikipedia.org/wiki/John_Barber_(racing_driver),John Barber
697,bonetto,0,Unknown,1903-06-09,Italian,http://en.wikipedia.org/wiki/Felice_Bonetto,Felice Bonetto
698,cruz,0,Unknown,1923-06-28,Argentine,http://en.wikipedia.org/wiki/Adolfo_Schewelm_Cruz,Adolfo Cruz
699,nalon,0,Unknown,1913-03-02,American,http://en.wikipedia.org/wiki/Duke_Nalon,Duke Nalon
700,scarborough,0,Unknown,1914-07-03,American,http://en.wikipedia.org/wiki/Carl_Scarborough,Carl Scarborough
701,holland,0,Unknown,1907-12-18,American,http://en.wikipedia.org/wiki/Bill_Holland,Bill Holland
702,bob_scott,0,Unknown,1928-10-04,American,http://en.wikipedia.org/wiki/Bob_Scott_(auto_racer),Bob Scott
703,legat,0,Unknown,1898-11-01,Belgian,http://en.wikipedia.org/wiki/Arthur_Legat,Arthur Legat
704,cabantous,0,Unknown,1904-10-08,French,http://en.wikipedia.org/wiki/Yves_Giraud_Cabantous,Yves Cabantous
705,crook,0,Unknown,1920-02-16,British,http://en.wikipedia.org/wiki/Tony_Crook,Tony Crook
706,jimmy_stewart,0,Unknown,1931-03-06,British,http://en.wikipedia.org/wiki/Jimmy_Stewart_(racing_driver),Jimmy Stewart
707,ian_stewart,0,Unknown,1929-07-15,British,http://en.wikipedia.org/wiki/Ian_Stewart_(racing_driver),Ian Stewart
708,duncan_hamilton,0,Unknown,1920-04-30,British,http://en.wikipedia.org/wiki/Duncan_Hamilton_(racing_driver),Duncan Hamilton
709,klodwig,0,Unknown,1903-05-23,East German,http://en.wikipedia.org/wiki/Ernst_Klodwig,Ernst Klodwig
710,krause,0,Unknown,1907-03-30,East German,http://en.wikipedia.org/wiki/Rudolf_Krause,Rudolf Krause
711,karch,0,Unknown,1917-03-06,German,http://en.wikipedia.org/wiki/Oswald_Karch,Oswald Karch
712,heeks,0,Unknown,1922-02-13,German,http://en.wikipedia.org/wiki/Willi_Heeks,Willi Heeks
713,fitzau,0,Unknown,1923-02-10,East German,http://en.wikipedia.org/wiki/Theo_Fitzau,Theo Fitzau
714,adolff,0,Unknown,1921-11-05,German,http://en.wikipedia.org/wiki/Kurt_Adolff,Kurt Adolff
715,bechem,0,Unknown,1921-12-21,German,http://en.wikipedia.org/wiki/G%C3%BCnther_Bechem,Günther Bechem
716,bauer,0,Unknown,1912-07-17,German,http://en.wikipedia.org/wiki/Erwin_Bauer,Erwin Bauer
717,hans_stuck,0,Unknown,1900-12-27,German,http://en.wikipedia.org/wiki/Hans_Von_Stuck,Hans Von Stuck
718,loof,0,Unknown,1907-07-04,German,http://en.wikipedia.org/wiki/Ernst_Loof,Ernst Loof
719,scherrer,0,Unknown,1908-02-28,Swiss,http://en.wikipedia.org/wiki/Albert_Scherrer,Albert Scherrer
720,terra,0,Unknown,1918-10-06,Swiss,http://en.wikipedia.org/wiki/Max_de_Terra,Max De Terra
721,hirt,0,Unknown,1910-03-30,Swiss,http://en.wikipedia.org/wiki/Peter_Hirt,Peter Hirt
722,carini,0,Unknown,1921-03-06,Italian,http://en.wikipedia.org/wiki/Piero_Carini,Piero Carini
723,fischer,0,Unknown,1912-04-19,Swiss,http://en.wikipedia.org/wiki/Rudi_Fischer,Rudi Fischer
724,ulmen,0,Unknown,1906-01-25,German,http://en.wikipedia.org/wiki/Toni_Ulmen,Toni Ulmen
725,abecassis,0,Unknown,1913-03-21,British,http://en.wikipedia.org/wiki/George_Abecassis,George Abecassis
726,george_connor,0,Unknown,1906-08-16,American,http://en.wikipedia.org/wiki/George_Connor_(driver),George Connor
727,rigsby,0,Unknown,1923-06-06,American,http://en.wikipedia.org/wiki/Jim_Rigsby,Jim Rigsby
728,james,0,Unknown,1925-05-23,American,http://en.wikipedia.org/wiki/Joe_James_(racing_driver),Joe James
729,schindler,0,Unknown,1909-03-06,American,http://en.wikipedia.org/wiki/Bill_Schindler,Bill Schindler
730,fonder,0,Unknown,1917-06-22,American,http://en.wikipedia.org/wiki/George_Fonder,George Fonder
731,banks,0,Unknown,1913-06-14,American,http://en.wikipedia.org/wiki/Henry_Banks,Henry Banks
732,mcdowell,0,Unknown,1915-01-29,American,http://en.wikipedia.org/wiki/Johnny_McDowell,Johnny Mcdowell
733,miller,0,Unknown,1902-07-19,American,http://en.wikipedia.org/wiki/Chet_Miller,Chet Miller
734,ball,0,Unknown,1925-08-26,American,http://en.wikipedia.org/wiki/Bobby_Ball_(auto_racer),Bobby Ball
735,tornaco,0,Unknown,1927-06-07,Belgian,http://en.wikipedia.org/wiki/Charles_de_Tornaco,Charles De Tornaco
736,laurent,0,Unknown,1913-02-21,Belgian,http://en.wikipedia.org/wiki/Roger_Laurent,Roger Laurent
737,obrien,0,Unknown,1908-04-11,American,http://en.wikipedia.org/wiki/Robert_O%27Brien_(auto_racer),Robert O'Brien
738,gaze,0,Unknown,1920-02-03,Australian,http://en.wikipedia.org/wiki/Tony_Gaze,Tony Gaze
739,charrington,0,Unknown,1915-06-23,British,http://en.wikipedia.org/wiki/Robin_Montgomerie-Charrington,Robin Montgomerie-Charrington
740,comotti,0,Unknown,1906-07-24,Italian,http://en.wikipedia.org/wiki/Franco_Comotti,Franco Comotti
741,etancelin,0,Unknown,1896-12-28,French,http://en.wikipedia.org/wiki/Philippe_%C3%89tancelin,Philippe Étancelin
742,poore,0,Unknown,1916-08-19,British,http://en.wikipedia.org/wiki/Dennis_Poore,Dennis Poore
743,thompson,0,Unknown,1919-11-04,British,http://en.wikipedia.org/wiki/Eric_Thompson_(racing_driver),Eric Thompson
744,downing,0,Unknown,1917-12-05,British,http://en.wikipedia.org/wiki/Ken_Downing,Ken Downing
745,graham_whitehead,0,Unknown,1922-04-15,British,http://en.wikipedia.org/wiki/Graham_Whitehead,Graham Whitehead
746,bianco,0,Unknown,1916-07-22,Brazilian,http://en.wikipedia.org/wiki/Gino_Bianco,Gino Bianco
747,murray,0,Unknown,1909-12-28,British,http://en.wikipedia.org/wiki/David_Murray_(driver),David Murray
748,cantoni,0,Unknown,1906-10-04,Uruguayan,http://en.wikipedia.org/wiki/Eitel_Cantoni,Eitel Cantoni
749,aston,0,Unknown,1900-03-29,British,http://en.wikipedia.org/wiki/Bill_Aston,Bill Aston
750,brudes,0,Unknown,1899-10-15,German,http://en.wikipedia.org/wiki/Adolf_Brudes,Adolf Brudes
751,riess,0,Unknown,1922-07-11,German,http://en.wikipedia.org/wiki/Fritz_Riess,Fritz Riess
752,niedermayr,0,Unknown,1915-11-29,German,http://en.wikipedia.org/wiki/Helmut_Niedermayr,Helmut Niedermayr
753,klenk,0,Unknown,1919-10-28,German,http://en.wikipedia.org/wiki/Hans_Klenk,Hans Klenk
754,balsa,0,Unknown,1909-01-01,French,http://en.wikipedia.org/wiki/Marcel_Balsa,Marcel Balsa
755,schoeller,0,Unknown,1902-04-27,Swiss,http://en.wikipedia.org/wiki/Rudolf_Schoeller,Rudolf Schoeller
756,pietsch,0,Unknown,1911-06-20,German,http://en.wikipedia.org/wiki/Paul_Pietsch,Paul Pietsch
757,peters,0,Unknown,1914-09-16,German,http://en.wikipedia.org/wiki/Josef_Peters_(driver),Josef Peters
758,lof,0,Unknown,1919-08-23,Dutch,http://en.wikipedia.org/wiki/Dries_van_der_Lof,Dries Van Der Lof
759,flinterman,0,Unknown,1919-10-02,Dutch,http://en.wikipedia.org/wiki/Jan_Flinterman,Jan Flinterman
760,dusio,0,Unknown,1899-10-13,Italian,http://en.wikipedia.org/wiki/Piero_Dusio,Piero Dusio
761,crespo,0,Unknown,1920-01-16,Argentine,http://en.wikipedia.org/wiki/Alberto_Crespo,Alberto Crespo
762,rol,0,Unknown,1908-06-05,Italian,http://en.wikipedia.org/wiki/Franco_Rol,Franco Rol
763,sanesi,0,Unknown,1911-03-28,Italian,http://en.wikipedia.org/wiki/Consalvo_Sanesi,Consalvo Sanesi
764,guy_mairesse,0,Unknown,1910-08-10,French,http://en.wikipedia.org/wiki/Guy_Mairesse,Guy Mairesse
765,louveau,0,Unknown,1910-01-25,French,http://en.wikipedia.org/wiki/Henri_Louveau,Henri Louveau
766,wallard,0,Unknown,1910-09-07,American,http://en.wikipedia.org/wiki/Lee_Wallard,Lee Wallard
767,forberg,0,Unknown,1911-03-04,American,http://en.wikipedia.org/wiki/Carl_Forberg,Carl Forberg
768,rose,0,Unknown,1906-05-26,American,http://en.wikipedia.org/wiki/Mauri_Rose,Mauri Rose
769,mackey,0,Unknown,1927-12-15,American,http://en.wikipedia.org/wiki/Bill_Mackey,Bill Mackey
770,green,0,Unknown,1919-09-30,American,http://en.wikipedia.org/wiki/Cecil_Green,Cecil Green
771,walt_brown,0,Unknown,1911-12-30,American,http://en.wikipedia.org/wiki/Walt_Brown_(auto_racer),Walt Brown
772,hellings,0,Unknown,1915-09-14,American,http://en.wikipedia.org/wiki/Mack_Hellings,Mack Hellings
773,levegh,0,Unknown,1905-12-22,French,http://en.wikipedia.org/wiki/Pierre_Levegh,Pierre Levegh
774,chaboud,0,Unknown,1907-04-12,French,http://en.wikipedia.org/wiki/Eug%C3%A8ne_Chaboud,Eugène Chaboud
775,gordini,0,Unknown,1921-05-20,French,http://en.wikipedia.org/wiki/Aldo_Gordini,Aldo Gordini
776,kelly,0,Unknown,1913-03-13,Irish,http://en.wikipedia.org/wiki/Joe_Kelly_(Formula_One),Joe Kelly
777,parker,0,Unknown,1907-09-22,British,http://en.wikipedia.org/wiki/Philip_Fotheringham-Parker,Philip Fotheringham-Parker
778,shawe_taylor,0,Unknown,1915-01-28,British,http://en.wikipedia.org/wiki/Brian_Shawe_Taylor,Brian Shawe Taylor
779,john_james,0,Unknown,1914-05-10,British,http://en.wikipedia.org/wiki/John_James_(auto_racer),John James
780,branca,0,Unknown,1916-09-15,Swiss,http://en.wikipedia.org/wiki/Toni_Branca,Toni Branca
781,richardson,0,Unknown,1911-08-21,British,http://en.wikipedia.org/wiki/Ken_Richardson_(race_car_driver),Ken Richardson
782,jover,0,Unknown,1903-11-23,Spanish,http://en.wikipedia.org/wiki/Juan_Jover,Juan Jover
783,grignard,0,Unknown,1905-07-25,French,http://en.wikipedia.org/wiki/Georges_Grignard,Georges Grignard
784,hampshire,0,Unknown,1917-12-29,British,http://en.wikipedia.org/wiki/David_Hampshire,David Hampshire
785,crossley,0,Unknown,1921-05-11,British,http://en.wikipedia.org/wiki/Geoff_Crossley,Geoff Crossley
786,fagioli,0,Unknown,1898-06-09,Italian,http://en.wikipedia.org/wiki/Luigi_Fagioli,Luigi Fagioli
787,harrison,0,Unknown,1906-07-06,British,http://en.wikipedia.org/wiki/Cuth_Harrison,Cuth Harrison
788,fry,0,Unknown,1915-10-26,British,http://en.wikipedia.org/wiki/Joe_Fry,Joe Fry
789,martin,0,Unknown,1915-03-24,French,http://en.wikipedia.org/wiki/Eug%C3%A8ne_Martin,Eugène Martin
790,leslie_johnson,0,Unknown,1912-03-22,British,http://en.wikipedia.org/wiki/Leslie_Johnson_(racing_driver),Leslie Johnson
791,biondetti,0,Unknown,1898-08-18,Italian,http://en.wikipedia.org/wiki/Clemente_Biondetti,Clemente Biondetti
792,pian,0,Unknown,1912-10-21,Argentine,http://en.wikipedia.org/wiki/Alfredo_Pi%C3%A0n,Alfredo Pián
793,sommer,0,Unknown,1906-08-31,French,http://en.wikipedia.org/wiki/Raymond_Sommer,Raymond Sommer
794,chitwood,0,Unknown,1912-04-14,American,http://en.wikipedia.org/wiki/Joie_Chitwood,Joie Chitwood
795,fohr,0,Unknown,1912-06-17,American,http://en.wikipedia.org/wiki/Myron_Fohr,Myron Fohr
796,ader,0,Unknown,1913-12-15,American,http://en.wikipedia.org/wiki/Walt_Ader,Walt Ader
797,holmes,0,Unknown,1920-09-04,American,http://en.wikipedia.org/wiki/Jackie_Holmes,Jackie Holmes
798,levrett,0,Unknown,1914-02-14,American,http://en.wikipedia.org/wiki/Bayliss_Levrett,Bayliss Levrett
799,jackson,0,Unknown,1910-07-25,American,http://en.wikipedia.org/wiki/Jimmy_Jackson_(driver),Jimmy Jackson
800,pagani,0,Unknown,1911-10-11,Italian,http://en.wikipedia.org/wiki/Nello_Pagani,Nello Pagani
801,pozzi,0,Unknown,1909-08-27,French,http://en.wikipedia.org/wiki/Charles_Pozzi,Charles Pozzi
802,serafini,0,Unknown,1909-07-22,Italian,http://en.wikipedia.org/wiki/Dorino_Serafini,Dorino Serafini
803,cantrell,0,Unknown,1908-01-31,American,http://en.wikipedia.org/wiki/William_Cantrell,Bill Cantrell
804,mantz,0,Unknown,1918-09-18,American,http://en.wikipedia.org/wiki/Johnny_Mantz,Johnny Mantz
805,kladis,0,Unknown,1917-02-10,American,http://en.wikipedia.org/wiki/Danny_Kladis,Danny Kladis
806,oscar_gonzalez,0,Unknown,1923-11-10,Uruguayan,http://en.wikipedia.org/wiki/%C3%93scar_Gonz%C3%A1lez_(racing_driver),Óscar González
807,hulkenberg,27,HUL,1987-08-19,German,http://en.wikipedia.org/wiki/Nico_H%C3%BClkenberg,Nico Hülkenberg
808,petrov,0,PET,1984-09-08,Russian,http://en.wikipedia.org/wiki/Vitaly_Petrov,Vitaly Petrov
810,grassi,0,DIG,1984-08-11,Brazilian,http://en.wikipedia.org/wiki/Lucas_di_Grassi,Lucas Di Grassi
811,bruno_senna,0,SEN,1983-10-15,Brazilian,http://en.wikipedia.org/wiki/Bruno_Senna,Bruno Senna
812,chandhok,0,CHA,1984-01-19,Indian,http://en.wikipedia.org/wiki/Karun_Chandhok,Karun Chandhok
813,maldonado,13,MAL,1985-03-09,Venezuelan,http://en.wikipedia.org/wiki/Pastor_Maldonado,Pastor Maldonado
814,resta,40,DIR,1986-04-16,British,http://en.wikipedia.org/wiki/Paul_di_Resta,Paul Di Resta
815,perez,11,PER,1990-01-26,Mexican,http://en.wikipedia.org/wiki/Sergio_P%C3%A9rez,Sergio Pérez
816,ambrosio,0,DAM,1985-12-27,Belgian,http://en.wikipedia.org/wiki/J%C3%A9r%C3%B4me_d%27Ambrosio,Jérôme D'Ambrosio
817,ricciardo,3,RIC,1989-07-01,Australian,http://en.wikipedia.org/wiki/Daniel_Ricciardo,Daniel Ricciardo
818,vergne,25,VER,1990-04-25,French,http://en.wikipedia.org/wiki/Jean-%C3%89ric_Vergne,Jean-Éric Vergne
819,pic,0,PIC,1990-02-15,French,http://en.wikipedia.org/wiki/Charles_Pic,Charles Pic
820,chilton,4,CHI,1991-04-21,British,http://en.wikipedia.org/wiki/Max_Chilton,Max Chilton
821,gutierrez,21,GUT,1991-08-05,Mexican,http://en.wikipedia.org/wiki/Esteban_Guti%C3%A9rrez,Esteban Gutiérrez
822,bottas,77,BOT,1989-08-28,Finnish,http://en.wikipedia.org/wiki/Valtteri_Bottas,Valtteri Bottas
823,garde,0,VDG,1985-04-25,Dutch,http://en.wikipedia.org/wiki/Giedo_van_der_Garde,Giedo Van Der Garde
824,jules_bianchi,17,BIA,1989-08-03,French,http://en.wikipedia.org/wiki/Jules_Bianchi,Jules Bianchi
825,kevin_magnussen,20,MAG,1992-10-05,Danish,http://en.wikipedia.org/wiki/Kevin_Magnussen,Kevin Magnussen
826,kvyat,26,KVY,1994-04-26,Russian,http://en.wikipedia.org/wiki/Daniil_Kvyat,Daniil Kvyat
827,lotterer,45,LOT,1981-11-19,German,http://en.wikipedia.org/wiki/Andr%C3%A9_Lotterer,André Lotterer
828,ericsson,9,ERI,1990-09-02,Swedish,http://en.wikipedia.org/wiki/Marcus_Ericsson,Marcus Ericsson
829,stevens,28,STE,1991-06-28,British,http://en.wikipedia.org/wiki/Will_Stevens,Will Stevens
830,max_verstappen,33,VER,1997-09-30,Dutch,http://en.wikipedia.org/wiki/Max_Verstappen,Max Verstappen
831,nasr,12,NAS,1992-08-21,Brazilian,http://en.wikipedia.org/wiki/Felipe_Nasr,Felipe Nasr
832,sainz,55,SAI,1994-09-01,Spanish,http://en.wikipedia.org/wiki/Carlos_Sainz_Jr.,Carlos Sainz
833,merhi,98,MER,1991-03-22,Spanish,http://en.wikipedia.org/wiki/Roberto_Merhi,Roberto Merhi
834,rossi,53,RSS,1991-09-25,American,http://en.wikipedia.org/wiki/Alexander_Rossi_%28racing_driver%29,Alexander Rossi
835,jolyon_palmer,30,PAL,1991-01-20,British,http://en.wikipedia.org/wiki/Jolyon_Palmer,Jolyon Palmer
836,wehrlein,94,WEH,1994-10-18,German,http://en.wikipedia.org/wiki/Pascal_Wehrlein,Pascal Wehrlein
837,haryanto,88,HAR,1993-01-22,Indonesian,http://en.wikipedia.org/wiki/Rio_Haryanto,Rio Haryanto
838,vandoorne,2,VAN,1992-03-26,Belgian,http://en.wikipedia.org/wiki/Stoffel_Vandoorne,Stoffel Vandoorne
839,ocon,31,OCO,1996-09-17,French,http://en.wikipedia.org/wiki/Esteban_Ocon,Esteban Ocon
840,stroll,18,STR,1998-10-29,Canadian,http://en.wikipedia.org/wiki/Lance_Stroll,Lance Stroll
841,giovinazzi,99,GIO,1993-12-14,Italian,http://en.wikipedia.org/wiki/Antonio_Giovinazzi,Antonio Giovinazzi
843,brendon_hartley,28,HAR,1989-11-10,New Zealander,http://en.wikipedia.org/wiki/Brendon_Hartley,Brendon Hartley
844,leclerc,16,LEC,1997-10-16,Monegasque,http://en.wikipedia.org/wiki/Charles_Leclerc,Charles Leclerc
845,sirotkin,35,SIR,1995-08-27,Russian,http://en.wikipedia.org/wiki/Sergey_Sirotkin_(racing_driver),Sergey Sirotkin
846,norris,4,NOR,1999-11-13,British,http://en.wikipedia.org/wiki/Lando_Norris,Lando Norris
847,russell,63,RUS,1998-02-15,British,http://en.wikipedia.org/wiki/George_Russell_(racing_driver),George Russell
848,albon,23,ALB,1996-03-23,Thai,http://en.wikipedia.org/wiki/Alexander_Albon,Alexander Albon
849,latifi,6,LAT,1995-06-29,Canadian,http://en.wikipedia.org/wiki/Nicholas_Latifi,Nicholas Latifi
850,pietro_fittipaldi,51,FIT,1996-06-25,Brazilian,http://en.wikipedia.org/wiki/Pietro_Fittipaldi,Pietro Fittipaldi
851,aitken,89,AIT,1995-09-23,British,http://en.wikipedia.org/wiki/Jack_Aitken,Jack Aitken
852,tsunoda,22,TSU,2000-05-11,Japanese,http://en.wikipedia.org/wiki/Yuki_Tsunoda,Yuki Tsunoda
853,mazepin,9,MAZ,1999-03-02,Russian,http://en.wikipedia.org/wiki/Nikita_Mazepin,Nikita Mazepin
854,mick_schumacher,47,MSC,1999-03-22,German,http://en.wikipedia.org/wiki/Mick_Schumacher,Mick Schumacher
855,zhou,24,ZHO,1999-05-30,Chinese,http://en.wikipedia.org/wiki/Zhou_Guanyu,Guanyu Zhou
856,de_vries,21,DEV,1995-02-06,Dutch,http://en.wikipedia.org/wiki/Nyck_de_Vries,Nyck De Vries
857,piastri,81,PIA,2001-04-06,Australian,http://en.wikipedia.org/wiki/Oscar_Piastri,Oscar Piastri
858,sargeant,2,SAR,2000-12-31,American,http://en.wikipedia.org/wiki/Logan_Sargeant,Logan Sargeant
859,lawson,30,LAW,2002-02-11,New Zealander,http://en.wikipedia.org/wiki/Liam_Lawson,Liam Lawson
860,bearman,38,BEA,2005-05-08,British,http://en.wikipedia.org/wiki/Oliver_Bearman,Oliver Bearman
861,colapinto,43,COL,2003-05-27,Argentinian,http://en.wikipedia.org/wiki/Franco_Colapinto,Franco Colapinto
862,doohan,61,DOO,2003-01-20,Australian,http://en.wikipedia.org/wiki/Jack_Doohan,Jack Doohan
